-- MySQL dump 10.13  Distrib 9.2.0, for macos14.7 (x86_64)
--
-- Host: localhost    Database: drobeApp
-- ------------------------------------------------------
-- Server version	9.2.0

/*!40101 SET @OLD_CHARACTER_SET_CLIENT=@@CHARACTER_SET_CLIENT */;
/*!40101 SET @OLD_CHARACTER_SET_RESULTS=@@CHARACTER_SET_RESULTS */;
/*!40101 SET @OLD_COLLATION_CONNECTION=@@COLLATION_CONNECTION */;
/*!50503 SET NAMES utf8mb4 */;
/*!40103 SET @OLD_TIME_ZONE=@@TIME_ZONE */;
/*!40103 SET TIME_ZONE='+00:00' */;
/*!40014 SET @OLD_UNIQUE_CHECKS=@@UNIQUE_CHECKS, UNIQUE_CHECKS=0 */;
/*!40014 SET @OLD_FOREIGN_KEY_CHECKS=@@FOREIGN_KEY_CHECKS, FOREIGN_KEY_CHECKS=0 */;
/*!40101 SET @OLD_SQL_MODE=@@SQL_MODE, SQL_MODE='NO_AUTO_VALUE_ON_ZERO' */;
/*!40111 SET @OLD_SQL_NOTES=@@SQL_NOTES, SQL_NOTES=0 */;

--
-- Table structure for table `ArticlesOfClothing`
--

DROP TABLE IF EXISTS `ArticlesOfClothing`;
/*!40101 SET @saved_cs_client     = @@character_set_client */;
/*!50503 SET character_set_client = utf8mb4 */;
CREATE TABLE `ArticlesOfClothing` (
  `clothingArticleID` int NOT NULL AUTO_INCREMENT,
  `clothingArticleName` varchar(50) NOT NULL,
  `clothingTypeID` int NOT NULL,
  `clothingType` varchar(50) NOT NULL,
  `clothingSubtypeID` int NOT NULL,
  `clothingSubtype` varchar(50) NOT NULL,
  `userID` int NOT NULL,
  `timeAdded` timestamp NOT NULL,
  `numberOfOutfitsAssociatedWith` int NOT NULL,
  PRIMARY KEY (`clothingArticleID`)
) ENGINE=InnoDB AUTO_INCREMENT=2 DEFAULT CHARSET=utf8mb4 COLLATE=utf8mb4_0900_ai_ci;
/*!40101 SET character_set_client = @saved_cs_client */;

--
-- Dumping data for table `ArticlesOfClothing`
--

LOCK TABLES `ArticlesOfClothing` WRITE;
/*!40000 ALTER TABLE `ArticlesOfClothing` DISABLE KEYS */;
INSERT INTO `ArticlesOfClothing` VALUES (1,'blake is awsome',1,'Tops',1,'T-Shirt',1,'2024-12-02 23:58:35',0);
/*!40000 ALTER TABLE `ArticlesOfClothing` ENABLE KEYS */;
UNLOCK TABLES;

--
-- Table structure for table `ArticlesToImage`
--

DROP TABLE IF EXISTS `ArticlesToImage`;
/*!40101 SET @saved_cs_client     = @@character_set_client */;
/*!50503 SET character_set_client = utf8mb4 */;
CREATE TABLE `ArticlesToImage` (
  `clothingArticleID` int NOT NULL,
  `Image` mediumblob NOT NULL,
  PRIMARY KEY (`clothingArticleID`)
) ENGINE=InnoDB DEFAULT CHARSET=utf8mb4 COLLATE=utf8mb4_0900_ai_ci;
/*!40101 SET character_set_client = @saved_cs_client */;

--
-- Dumping data for table `ArticlesToImage`
--

LOCK TABLES `ArticlesToImage` WRITE;
/*!40000 ALTER TABLE `ArticlesToImage` DISABLE KEYS */;
INSERT INTO `ArticlesToImage` VALUES (1,_binary '\\\0JFIF\0\0\0\0\0\0\\0\0					\"\"*%%*424DD\\					\"\"*%%*424DD\\\\088\"\0\\0\0\0\0\0\0\0\0\0\0\0	\\0\0\0\0\0\0\0\0\0\0\0\0\0\0\0\0\0\0\0\0\0\0\0\0\0\0\0\0\0\0\0\0\0\0\0\0\0\0\0\0\0\0\0\0\0\0\0\0\0\0\0\0\0\0\0\0\0\0\0\0\0\0\0\0\0\0\0\0\0\0\0\0\0\0\0\0\0\0\0\0\0\0\0\0\0\0\0\0\0\0\0\0\0\0\0\0\0\0\0\0\0\0\0\0\0\0\0\0\0\0\0\0\0\0\0\0\0\0\0\0\0\0\0\0\0\0\0\0\0\0\0\0\0\0\0\0\0\0\0\0\0\0\0\0\0\03c҉\0\0\ﮐ\0\0\0\0\0\0\0\0\0\0\0\0\\6~\=$$M2\ߌO$\0\0\0\0\0\0\0\0\0\0\0\0F^\'ῒe\m\\_},蘭8~s\k\:\P\\T\\\0\0\0\0\0\0\0\0\0\0\0#\F\\]]^\u\?\y8qp\g\\|\>\\0\0\0\0\0\0\0\0\0\0\0Bk\~F^\x;i]Lq\\\\\Bg\\0y\0\0\0\0\0\0\0\0\0\0\"c\O\~\|ݶֶS=\}>Nnk\\\}E\0\0\0\0\0\0\0\0\0A_~5W7oNwiX\_?\n6\\\Æ2\Ƀ\\2C\/ܐ\0\0\0\0\0\0\0\0\K\uu\\*ʕD\k\JeKS8\\u\GL\\O\?\\\\0\0\0\0\0\0\0\0\\0k\\\Խ\ѢiDE.3(Fuf\O?\ܾ\0`\0\0\0\0\0\0\0\0V&\t\ѧL.\lպ\^!\y\\B3)\cn\\0z@\0\0\0\0\0\0\0D\g\?\\׾{o͋id\R\Uj0\M+Z\8Ιqsc/W럿\0\0\0\0\0\0c\\ߙu\ui\ѵMpʳ%ԪaXLeYF9az_ӿ\@\0\0\0\0\0\0O\{wޛ\km^bZ\"ԬM)Y;\\\y\|\\\ \0\0\0\0\0\0+\\Q\Ѧ\-\{\\HL.DDC5[9e_\'\5\0\0\0\0\0\0#\\.ɲ\FZ\X	/BbjT\\M#m{\\\^\Ol\0\0\0\0\0\_Ξ\p\b-0L\k6QZVUDEg\\\:\{W|\\$\0\0\0\0\0\0\\\ӤFS\\)HV֋3	iT@Fj\kƷ\?_\\\\0\0\0\0\0\0?\\鈭Ҩp4\dY6TUJ\bTVִ存Ɵ\y\\0O\0E\\\0\0\0\0\0\0_˟\\|JWU\S2Y1e\2D\U\"+iV\3HO\~k\0\0\0\0\0\0#\/\G\\}V\h\:6\'*\"6Db+R(AM\\k\׫\_\0eH\0\0\0\0\0|\\r=x\\\-{^\S0\UE-D*U%~g\<o\>/\\o \0\0\0\0\0e\W\\\\\\\3X\KƨUZ\\/ZFaV&\\\[\\0=\\3\\n\0\0\0\0\0+\\\g\w=]z)҈^\mI)z3T\)\0VAYi\x_u_\\\N\n\0\0\0\0\0r\0 O\zzS[ũ*-7U%\\f)ER\0=o\\\~Qw\R\0\0\0\0\0E?u\=.\onJ\3&\{E땯V)h)\"R+\Z\\m\|\\\>\\04\0\0\0\0\07y\z\g\\\|~mmE\\%\5\"DIHtFQL\9t\\'\?K\\0\y?\ \0\0\0\0\0+~kW\=zi\Ei%t\`k5D\"g\eIjO\\~;\}ƿDY\u\0\0\0\0\n{\\|gs\\;\\,JmUD\&\HD֥c;D&c<9\\px\m\\\G\q~O\\0M~\?פ\0\0\0\0\n\|\0OgF>?\wo,|[=Λ\mmUХdԘֶPU,E2\\j\\\z\U\z\]\?}\i\\\$\0\0\0\0~]:\\pz\f\\=\ﾉibb&)\nW\n\\q\\\?Tח\\\Ϧ\7\\7\0\0\0\0\\ѷFx\\oG=5ϋޮi$a\0 &$L\\"bK\\OV|?/\\\9O\ߤ\0\0\0O\\{\=Ӓpty\o\\\\kk.V\Ȯ1D\\ո=\\o\\?\r\\\]@\0\0\0\_nk\\\^ǝ8:xv\]7\{\Ţ3^E\\\\\rk\\0\\xQ\\^\߷\\\_\\\0\0\0N_䏔\ۢJ\{Ǘ\v\^\\]mղ&VWl\\{\iK\%\0gJVg\\\\eɶW\}G\\\1\썤\0\0\0~SϦ\:N^\\hˏO\mխ\ժ\e\"%d	W:\>^.ly\\\/\\\=noW\6\\\0F\2\0\0\0\Dݭ\Iǃ\\o\\n\<}<|3n\\\ڢ\\\D\S1+\%)H\͇4g\\ۯ\C\\\\\<ߏ\\\z\Sא\0\0\0G\\\=m\]y|_{/CX6\NS6\\\mt\&4X\\uJeXμTO#-=ﾯ?Wn7\\\\\:V\_\\\\0\0\0\M3\\_;\^ͭ\\^g?FX\N\k^ȱM\iŬћ\ZE)7=k\\Ο5/\^\\\\E\i\G\\0\0o\5\\\)ˇ\*ߥ\\v\\|#}w\M&,)6VRT\:ᚑ\\\|\\n\\Smt\\7ǯ}-\S\\0p$\0\0\0c\Ѧ\\JqnZJ\'\z;;m}\"҉\\±y+3X\5\k\\O\~\F\^Fw\\rw\\\\c\\\0\0\0\0/\nL\_<<?\i\\ѬF׼\\5MfkLL5\cU~/6g\\t_:\֛\k\\a \0\0\0Rk\0\RZG?\\,\\\_\\\߫iTI\n\\\\\E\XgHx~W>^73\Of\\\\3R\~\0\0\0c\?|Z)\ǿBY\o\~\ym\\-::\-n\Xws\oX˛\\'\\>ns\~\\s\0\0\0\01\\\a\6\JW\>\K\\n\Ż:cK^o!\ZEr\\\.?\n^?k\\\SHgo_\\0\0\0\0\0#\\<Ӄ\rh\\0\O\\\\KtZm\\1Mf&r/XL.zW9֜/\\\͏\j\$w\uo;}o\?y\\0\0\0\0\0&w\_y\eN?\\\\Mu\Fݺi6\\gsUt\j\ZW\~w\\Z}Go\\\\\~\\/\0\0\0\0\0\0\̿!\1y\0\?\ǃ\\\Н\"z%hMf/H,y\\8x\0;~~\Wۏ\\o\\\0\0\0\0\0\0yߘ~I\\\r\O\o\\\o\\\=+LֱM\\/:\\\y=\r\\\H\0\0\0\0\0\0\0+\g\\\?]?\\0\T\o^\\ҵhUeU\X\\\\\\8;4\\?~\0\0\0\0\0\0\0\0cO~\\&>u\\\؞Ћ)	Q\#}c\\.\vc8\0\0\0\0\0\0\0\0A\"#u0\\\ҹ\иfS]+i\\ne\pW~py^G_MC\\\0\0\0\0\0\0\0\0\\cXz=\/\\UĵZV\\v]\\\6\zݟ\?\0\0\0\0\0\0\0\0\\\׳[\{ΚL\lՐa\\\\\\w\\\\"@\0\0\0\0\0\0\0\0\\=y\\\Gm\薚\i%Tc\\\vv\/3ˎzUX\0\0\0\0\0\0\0\0\0~/\\\\\2\\;^]S;X\nZǗ\\{5\\￧\w\\0\0\0\0\0\0\0\0\|3۶\4\\Z\;j͕eAy<?\\x9\\\\\?\\0\0\0\0\0\0\0\0\0/\ض|\\\l=}N\\Η\+Ja\wmO\F@\0\0\0\0\0\0\0\0\?\.X\\Ջ^57W+DZ-\\\y\\\\u\y\\\0\0\0\0\0\0\0\05\\~FU\\\.\Li)%ea[DVq|\i\\\^Ο?\\	\0\0\0\0\0\0\0\0\0#\\\N{\o[\=]6m|\2bmIRSq\\{\˃\Z\\\y\0\0\0\0\0\0\0\0p}+7\S)\\KZ\&\HJ4Eq\\0\\e\\^\\F@\0\0\0\0\0\0\0\0c\5c^}hҰE\@\"\x\\[ϟ\\>@\0\0\0\0\0\0\0\0\n+~)\z\\\gU\кJ#Sz\*q^o\\\\,\\_~ \0\0\0\0\0\0\0\0?M\"Z^p_^,fW8Jc\|\Da\{\7\\\R\0\0\0\0\0\0\0\0\0W\Mz\yW\\c8\imSJVfc;S<|\~n=3׋\)\0\0\0\0\0\0\0\0\0+k\\Ji\V\{\нE+E\"i\\zsb\/\\\0\0\0\0\0\0\0\0?\0?\\Z\u\7tp\kiUd\+\x|>\\\ߏ\\\0\0\0\0\0\0\0\0\0{kӢ\\];\\e\±}ء\\ڑZmp\0\0\0\0\0\0\0\0\0\\Ѷ\=6\\\\)AUf\#.OƿH\\D\0\0\0\0\0\0\0\0\0?<c]m^4D\3\m!uT)\'\\\\z\w\\\@\0\0\0\0\0\0\0\0\\\\N9i^\\:jΔ쵕3ϓ\\|\wFS{\0\0\0\0\0\0\0\0\0\\0_ms\\my[]\Mک|J\Ոc\\\y~ϡf~G\\'\ \0\0\0\0\0\0\0\0\󽎍y\GNJ[M/&ƙV/S,8<o\\V1\O\0\0\0\0\0\0\0\0\0)E\]z]][\x_LԄ\\b\X&+/\v\xrٿ\0\0\0\0\0\0\0\0\0.\\ף\)J\\VË\\\z-Ͽ\0\0\0\0\0\0\0\0\0\Z\w\\%2\\}\6Lh\\y\"+7/\g\\+l~{_\\0\0\0\0\0\0\0\0\0?:4_oM\\^m3hkUf\(\\\\\y;5ܿ5\0\0\0\0\0\0\0\0\0\\\=\շFm+Y4\"/X%DE9x|\=;uq|\\\\\0\0\0\0\0\0\0\0\\\:\\\1u4yΩ\k*\&h\~O+zz\o\0\0\0\0\0\0\0\0\0?5-\\n\\,m,Jh\x\r|ӿkp|\?\@\0\0\0\0\0\0\0\0\?\J:-9\e-6Z\"`\\\pyϔ\4\0\0\0\0\0\0\0\0\0~cM\\\\R\\M/{Zg\\\	-B)\\9<߯\\\\@\0\0\0\0\0\0\0\0\ľ\=}VΑn\辖ͫk\M\ڋ\i\S\\\\\{\\P\0\0\0\0\0\0\0\0\]/\\\\\\\8\y\sa\\x?\0\0\0\0\0\0\0\0\0~\g{5\\\mk\Vh\0p\<\\\0\0\0\0\0\0\0\0\0\\0=طfz\Zi^WV \Z\,8k\\\\\\\0\V\0\0\0\0\0\0\0\0\0G\\\^\zV:6\\\t&b$Z$!XL\Ze>~o?\\\0\/\\0\0\0\0\0\0\0\0\0?<\umJ\[]^V+U\5\R\ss\<\a\\\\\S\$\0\0\0\0\0\0\0\0\0\Kz7^omꦶ\Z=\Jrry\\\\\5\\0\0\0\0\0\0\0\0\0\=n_);\\\kiͬ\.u\"\\ռE+Ly|\3\\\\0ҟ\0\0\0\0\0\0\0\0\?~\ҘײgK\3{\	\"\:ܤ#*rr\/\\y\闾\0\0\0\0\0\0\0\0\0>/;\\һ\o\\{^\6)\A9Vn̎k\\\g/\kO\\ؐ\0\0\0\0\0\0\0\0\=~\\\\\+k7\Fd\&#8\_?6~\\А\0\0\0\0\0\0\0\0\\0=>/V\\\m\"ӹZzZ\5R+[D)Z\Ϗ\8\t\\0\0\0\0\0\0\0\0!\r\\\\\\\K\i3\+(A>V;c\x^Wgu\`\0\0\0\0\0\0\0\0|\\w\yjDh&LXfe\\\0\\0M:\0\0\0\0\0\0\0\0\\iki\t\4Yi{V(iNo?j\|\\}__p\0\0\0\0\0\0\0\0\?>\\\s\5\3}t\:U1h\Z֍fa\Ʈ\}Op\0\0\0\0\0\0\0\0\?\穯^c޺im]hZ1\\T^3\	\\\\ϛ\/ҿ\[\0\0\0\0\0\0\0\0\0>}[\\{e\\m{okM\xf\-4\lg\\k<Os\0\0\0\0\0\0\0\0\_緱\\\箶iL\d\KY\fC)\3L\\>G\o\]\0\0\0\0\0\0\0\0\0\\0^\Gfct\\\\&Hfb)fsV)3\O\_\m\0\0\0\0\0\0\0\0\0t\\\v:oXkhH3dg3H87\\ۗ\0\0\0\0\0\0\0\0\0o\\ݾJg\7\V˫+[;\J1jҼ~6{c\\\\\0\0\0\0\0\0\0\0?\\\ۧKCl\\M\IZ\m3i4pX\?3俠?$\0\0\0\0\0\0\0\0\0r\0OG\]7Nm(\'D\Z^\23\\\\>\~\0\0\0\0\0\0\0\0\0\0_Ӯ\]ߦ^\M]+\\\Z`R\\&\\\\0ܖ\0\0\0\0\0\0\0\0\0x\\}\'IںE/:U/j\,4\:\-I\\|\@\0\0\0\0\0\0\0\0\\\ݺ^b\V\\ѥ\*\׼S8\խ\\n\\u\\\3\?F\0Du\0\0\0\0\0\0\0\0\0\[\\K\WMv\MI\+)\Zg3֞g\>?\] \0\0\0\0\0\0\0\0?\?\}\:\Ͷ\\IV\k\\nJB\"\\\<+\\\\0T \0\0\0\0\0\0\0\0_\\\mN\sf׭xIy	f־O\\\?|\0\0\0\0\0\0\0\0\0S\\\r/پ]\Miխ\\"[MZeΑHpҔ\N\G@\0\0\0\0\0\0\0\0\\0\\\j\\i\i\CD\:ZJEaj\keg>\\?غ\0\0\0\0\0\0\0\0\0g\~M\\=\c[o\\boU/1\,┝1\Ү|;\\\0\0\0\0\0\0\0\0\0\_]\m\6\\&b&\JeH\"\o\\\\}W\tm	\0\0\0\0\0\0\0\0\0\0q柜\kE\L\3֬\#\ߥ{\}9\Ջ\0\0\0\0\0\0\0\0\0\0Zg\\!\\3gk_Lq\A\?G\i|\0\0\0\0\0\0\0\0\0\0\0\0]?\\y~o:}.\\\\_\\S \0\0\0\0\0\0\0\0\0\0\0\0\0A DH\0\0\0\0\0\0\0\0\0\0\0\0\0\0\0\0\0\0\0\0\0\0\0\0\0\0\0\0\0\0\0\0\0\0\0\0\0\0\0\0\0\0\0\0\0\0\0\0\0\0\0\0\0\0\0\0\0\0\0\0\0\0\0\0\0\0\0\0\0\0\0\0\0\0\0\0\0\0\0\0\0\0\0\0\0\0\0\0\0\0\0\0\0\0\0\0\0\0\0\0\0\0\0\0\0\0\0\0\0\0\0\0\0\0\0\0\0\0\0\0\0\0\0\0\0\\0\Z\0\0\0\0\0\0\0\0\0\0\0\0\\0\0\0\0\0\0\0\0\0\0\0\0\0\0\0\0\0\0\0\0\0\0\0\0\0\0\0\0\0\0\0\0\0\0\0\0\0\0\0\0\0\]\w=G\0\0\0\0\0\09]\ap9\\s>\\2\0\0\0\0\0ݷ*\ZԵ\=oS\\0\0\0\0\Z\\]JVk\\\0\0\0\0Ӵ\>Ћ\!&MϬ\\0\0\0N۶܊\\酔R\\yψ\0\0\0>\\ Afk6΅_/\\0\0\0\g\3*A\.:\0\0\0v>f[2\n\e\|\0\0\\\0Yt\\Zmee$\y\0\0\vIRU\0\SU)δ\0\0a\H@\r\\Z\w\\\0\0\\}	,-\\l\Mg\@\0\v\桐ijٸ*CW\\0\09>3`URE\5d\gA\0\0M\0\EHܮw\p\0/a\\%k2\aQ\ɬ_/\0\0k\rk2˕EMYF5t.\ȅ\:\0\\.*Y\\W\r\\9\\\\?/\0}O.\Z\u*œ?Mf5\\\>`\0^Ǹ\\Z\EKQHf\3W[\\~sz8\0\0u\Ok\\\a%\Z\qzN\0\0\0\Z컯\\,\%IG\\O\0\0\r\]\\"k\z]ʨX]\u=\'+?\0\0\0\rsy\n\}l,\0\0\0\0\0_G\\R UVzހ\0\0\0\0G\\\\\Uԙ\\0\0\0\0\0=7AbMXyc\\0\0\0\0\<ݡ\)\0\0\0\0\<\eh(:\>\0\0\0\0\\5-g]\\0\0\0\0\|ږj%f\rӮ\\0\0\0\0z^UY\Frѫu\x\0\0\0\0Q\Ri1BR\(:\0<\0\0\0\0Q4Z,\'\\0\0\0\0^wQ4ZZ\\\0\0\0\0Y\nIKR_<\0\0\0\0K,FKb\\\\\0\0\0\0zO,ԁhƤ/8\0\0\0\0\r4j\0\0\0\0\ԅ:ހ\0\0\0\0MKr[l&Y\z\0\0\0\0\0r=>[5\r3l\\0\0\0\0T-\\\0\0\0\0}ZZ\%\Y\z0\0\0\0\0}bMC-:~\0\0\0\0oXvʀ\\\\0\0\0\0}URS{dN\0\0\0\\v% ݰ\\0\0\0\\\بk@\\\0\0\0\0\0}}j!Ғ(c\p\0\0\0\0^k&\\@\0\0\0`Y.\\<\0\0\0\0=%]|\\0\0\0\0\0a\0\\\\V[\\P\0\0\0\0/*-fG\\0\0\0\0\\_Ih˪\y\(\0\0\0\0c\r@7s~_/[\0\0\0\0\\\Zjqn/\0\0\0\0\0\0\V1\0\0\0\0\0\0\0\0\0\0\0\0\0\0\0\0\0\0\0\0\0\0\0\0\0\0\0\0\0\0\0\0\0\0\0\0\0?\\0\0\0\0\0\0\0\0\0\0\0\0\0\\0\0\0\0\0\0\0\0\0\0\0\0\0\0\0\0\0\0\0\0\0\0\0\0\0\0\0\0\0\0\0\0\0\0\0\0\0\0\0\0\0\9=7\'Ҽ\\0\0\0\0\0\0o\;+\z\	\\s=kt\0\0\0\0\0׶zh\5\ŸW\\>Z\0\0\0\0\0\ݹ\Em\\\Qϫ\.\0\0\0\0r{\kJgiPcN/E\? \0\0\0\y\5L\\C\x \0\0\0\{\0\\\0LhX\_\P\0\0>߸uo\XJ&\5\м\0\0\0v\0r\qi\҈\"d	YZ\|>\o\0\0\0\<^>vsڤB%aibrkxD\0\0\0`\3\Ϗ3Z\\$L+YT\L\'7\\0\0\0;OޘWD\J%$\%\Y\@\0}f8_H4\\HL\b\t\Z\4\\\0\0zo\\\\\=(	\$\dko\\o\0\0\0}z\\\8\;i`336S_\u\\\^Q\0\0vc\m\\ZM\0&:NZr|\\\\\?\0=\iZ\o\\rʜHׅ҉Vm~O2g\\\q\\\0oq\3<\N5\"\r\"HV{kr\p\\"v\\0{%#8\6\\re})MPgIߓ~V\uw\Ӎ*\0\'\tyEg^5\T\ߕ~ϥ1L\~y\\0{Wv#=\O/|\rTL\NEv\\u\aQ\\0\0;?\\\\}?\\cZ\J$Z\/y6\DD|/7\@\0\0[\'\޷\y\y̘V+D]#̾~W\}\\\\*\0\0\0׷z\'\\\^\\\\n\PRLNW_\<\\\\\0\0\0\\Ox\1ZD	\\3\\7\\0\0\0\0=\lqVDܬ\\\0\0\0\0콟9\u\;쭓7\g^mǀ\0\0\0\0\\\\\n_*\\$Ħ\\\ׅ\|d\0\0\0\0o\\\\󾨒M9s#~/L\`\0\0\0\0=\\\\\\i6\/\\\räx\0\0\0\0\'߾\ҖT\6	\r8\\\\\0\0\0\0\J\\\\"&N<\L\9Yֽ#\\0\0\0\0ΚV\R͡\Dr>\J\P\0\0\0\0O\\ƱZ\G\\;:W\0\0\0\0fԥV)\	Z43ŗL\p\0\0\0\0kf\b\@\r\Gŀ\0\0\0\-U\</(%&_\\O\\0\0\0\0\Hg_<b&D&E\\\-\'\0\0\0\0>\\\itIbW\sƝW\\0\0\0\He\\X-$\q\GÀ\0\0\0\\0G\\4DLY04ߗ5\\\0\0\0\0?<,ƴA\\\q\~ \0\0\0\0G,H\äx\0\0\0\0\\'H\)X[NV@\0\0\0\0}/\\R#*ֵ	Z\\\O\0\0\0\0\1ǈUb	&\\i\U\ \0\0\0\0\~\U\\"@Lt\k\\O \0\0\0\0\\\"UZ_S\\0\0\0\0kX⵬!6\o\\\\0\0\0\0_\\3VJ\5-a7ەo\n\0\0\0\0_\>j\iHk7m;r\\~\0\0\0\0\r\0Q\BQ\&f\s\'\xF\0\0\0\0\!R!\\kͷ;:0\0\0\0\0YTBc\LY3nv\\ \0\0\0\0~\\ZƵʶ\JSw7Ny\0\0\0\0\'\\0#\3\\"a[t3\ߙ\^4\0\0\0\0	\OU\\3\c[\\nl\\\\0\0\0\09Ͼ\kV\\"f{\m8+\t\0\0\0\0\0\;o`\Mk(3\|_\>U+0\0\0\0\0\0g\\r\n>,\0\0\0\0\0\0\0\0\0\0\0\0\0\0\0\0\0\0\0\0\0\0\0\0\0\0\0\0\0\0\0\0\0\0\0\0\0\\0I\0	\0\0\0!1 A024PQ`qr\"@Ba3b#$5CRcs\S%Ѣ\\\0\0?\0\\rRZ\\.vj9\G\\\\'%k+\\\S\TBdq̨3Fj\QCz\|\\'򤡁S\\f\l\?\Z5C#\\\Z8f\\;[6	\rU\ȩ\\\\\ʚi\WU31E+t\\ꨯQQ\\~\\V\\Vk<2Uoj3D5x\\ӯH4\'^\\Z\\\nWڪQ\&կ*;m^\\\\\\Y[5\r0V]\5S\!~\\+M\m2&~ԏ&eNn\\]ʭfh\>h[\'\?m\;}\\~\\\ڍ\i>6ُ\\n6^Q\\5Ny\5\\0Onu(-֛1\_ߌu=;6~!C<3\n\ wx\A\~}Z/_Q\\\\\0!s\Z\\]\Y4Q)\j(\\;d\\32\V{\\(\aA\^\\Q>x\\\īE\*\"\\~;#\x橀je04w9:#MVUUUUW\n\\xQ\\sN<\5#0*()¬\\zN\\\G<Rcxv5\V\\N:vk4U\O|J?P\'\$q*\Z\2^(_\'\nU\J\-\jTTTUܢ#\0o\,F8\P_FZ\'n\T~k\\(8;\\ڦle{\Z\w\07꥚ysBVB4\Zy:**neب\\WrUQd7(U}3\Cn\\\g\vS`\8|=̭\~V\\\Z\'>\;J\Qh:ݢs}$F\<^\U\N>\\(\ZҝȪ[\n{\\\n\|\I+\|Pb\[%fY\Oj\\7)ȕ pP\\V~loaP_qVa5\\=I\\DE>O~}Zoy\a\\Zg\Z\D\[+el*aNNSrT\訩q\$\F\<d\hufGh\0.=[\\[Zoy\\c\\\fuAg\4TT[*|Gi]׋m 1\	\UzM@\E\'\KjJ\r@****!N\0TsN\M*\Sh\I8+ex\\\\\O.Α\0U;B`\~e1\A$F+\r\G\\\\\05W\2\\ۢh\\0Nf\7vX\\rx\#hu|\}4g\w94&\r4T\*\%M\(\xBxW-n\aw:/\0^[\":4v\=Ҽ\Jjҝ}NF\̧i\a\\5Ɏ\\Zu\\;@[g\'\nU7:\|u\7\\\\nw8j;\ٟ\fiֵWŴ\g\\57DyS}kW0rw\Q\kKdoցi7mB\\&\PA\V-s\-9\d\Bo򪹭.>h:ȩ#cN[\'}RO\5hM\tf\:\'6C\\\WiF?hS\\)x(=Z\\W]*\\\Xr\8	\ {\|R\\|5\NTq[\r`\E\\O\ZG\kآ\-<\\C\rxu\[\"\	>\\\'#\SB:\'.\1:\Nd\0#\\03@\n&\Z?5!Ȩn?\\\.\\NuZ26g\3\\0\X9\nu\+M\'h\\\ҁ\\\\͢\Cv&djBp\>I\Z5h@\l:ե\j\7jh\iN\W\nVlkɹ4\"<\\x(4E]G\'5\/Z\mv\zC#\uA\\\pc=\hNQ\y\\Qiʄj\\\i\8Wm^]U\qCrN\]w]\i\0HQ&|TZ`U\\{@\\;\"\w\\Z9\_/Q#J&\\\*`\dk\S`\F\Qi\Fh\o>>U#\Ɨi\!y`4Q#n\\\UֵUު\\ବ,\*CW(ڂQɣ ܂_N\\CTޖ\7_{RhE7\n\P\ϫ꫅\\\J`\RZyhA\j\\\Fm@\>O\b/\\s\\7d\E\p:!#\0P\uUQr\'pn2\j*|\A1\rͷD\#5\(JӨ\{\\\\i\\\$\FܝD\\U+ZUaq\:\'\Tm\Mpb\n\zL\O:\\\gd\֪\♺pw\n-\%7\F@c@2M\Or4ф	n;M4!]\h?\\\\7NH挆x;E\r\Uf5j2EkU\\	YhrCZr	٦Rj\\?f朊Gy\\\\Ȟ)\7H[\':\\Q u\\\`O*`\&!\\殛_Ѹ\ޢs\5V\\;\\\o9Q\r\\8n\r\e|q8\\B\t\`\v\r\\n%6y[ \ToFӑ\\\\\,\dƔAiC;\\' pNq)\$YY}\}E8T\"ƛ\n굖;C\CJyuOiqѧ&P\b7T\Ҏ\p8F7F\\'Jvgz\\\07{\eM\\9$\r_MTC\\Z`7\n<\4E\r\\N\0yzyD\UTQ\C\{Ns[<w:mr\n,Q}ouF\\.zS)0\ȜBW9W=\e\\؉\7iT\\\8dѭPXZ\\V\\%Z.\\q{rr\,\\*>\"[ZT\\\'\0h\/pU[+DNqs\\Z*k6cE\Z\u)\0\1K\쟂\,9ҭ\\\n!\rP\89\M5w\=U7tuDہN\Q4)NIڑ\nSd\\$/\(ad,2Z\SX勅F\{B\qB]J\u0p\pnr\\\\"c=+yl\\\OJ\\bfafi\Y\SKGlѪqg\=ZZ\)\\J*Ѳ\5X9\.\nU)ظC\#Z\PN\nt{=y\'\'e\\Q\-U=tP@\ءc\kV$7m\%_x&\Eitm\<\6hX=x\n{\<\"4v%Sx+ڏ\\W=\Ijxդ7\\n\{9\rj\\n\Q\\`Tn>\\+\7P\\\rYxP|TV̦ٙ7~N\)\̫|O\"\\\T\);JY\l6\}\\5\E ٖA\ヷ\P\t\\)\i\\\\\U\\S؝e\\SZG	\#vJ$q\\\:<Qª{EI\4x\%9I\F5*谛4p\8Z\-S\wSB(\'!	\?G1\<Q݌o<\2\\S\^6\\2S]`\J[,\\W5\zw=<PnX^MٶI\Ħn(\\'!A~Jɝ#pp(AS]\w\B$Y}fs)\#\B\+X\JYf\F\\on\ĦEyb8qthG\\-fS,h@LoqFn\rѺ7>^\S\)ˊn-CUc5ν\N\\\\\QGxw\X{{}\<\\to\rщ\R#\'-A.\\\\\\&\W\>\Q\( ?BoϹ׿F\0}wJoHE❀\⮎\\_=\\L\x!\ewJv7qW7Ao\:\\\08Xf(\1(C\W/Ac\\룴~?\=\WNG\0W\'Bo\u\-\(rۊ(p(!\\[\{~}\5\r\\P\8W7Ao\:9D<\.;:`7N\\{\\Q1wst&ysN\E\S8!08\Ctb\r\ys\x\\Qy\\n~A+7\\\\W\Io3w\\;Bn\1\u\ҏ&k\\qˊ7\Zn\\[\\u\klD\\\\p\\\\c\үN\"o&7+\g\v\\-\\^\'\ɺ\e;\rts\&9M\)؍\+\\:\k4\\Q94ħh\\-\\i9?\?Ġ\ry{K\W/Ao\l4)5(!\P87}\U\\\\ARoQ\n(nS*\\\m(%?qM\@`:7C\N\\\\,\Q⛾wӗ(\h^so.?\z4;\\O\\y\%\CD8(\KO\\\\ϢI\C@(\\tl?soN\'\ꆘ8q\N\O\׹D\\M\x!\g\*\f\?^\ޝ_\5v`7\S\\'\W7\\/\6\\\0\)p\:\p5TtNO\\\o/\m\\&\0P\S,\u9\`xu\{ztYÐn#N\'.)*\0Y繷D\J(u9G6&\e\\=^}o8r\(\SP\9I:\Pӹg5y\9#\\j<SSJ\HU\\,D4\e\\-T\\7ÇN)\M\\l\\\=\\NCLF\\8\)\H\n\\{xtI(p\n㋰DTǕ\?\gӹh\9>+LQG`y\pV|\e\\(\\i\\Sq(\0\Q\?\mO\+\pC{\O&\J)\{\\7\;l\\J!\cħ\'\]\\ӹoV΍?\\ry\xE9<#\\\Zw-\\\\\+CJ;;L\v_\Y\A\Z<C\EWpE\r}֡\\W\M\+v\nk(Q\v\\\\|\C\\\T\#\\s7j\7\\r;j|\\Q\\\\\#ON\\\?ģ\\\\W\\\(s\|\?U=B\\\~\_*\Z\=,k\e\\'\F\\?\;?\K\\\pԜ\'/Ѯ?\\y\GqMN@.N__i\\;|x\0\=\xӑ<¸\7\\ \q\naI\\9.N_]& \\\X\_9MCrVSq<S\\QM\\\p\q\neՎCTUQN_\ټ|cpCsE\ADb:a\Q\\\ؼ`\\\^G\\@H7&pӨ_BuU\dy\0\Õ{x\\O4\WT\<U}EB%\ˁ\Z\\0\7-9\\-U!,\+U_c/\'.\\s\D`\p,\5ڈ\?!\\\bL[L\ONnϪ\%BF4TT\\\)UUU\8*\"U\u>y[4M\\\P+M@\\\\\\}hf\0tv\nU({UJ%W 9:\j\\EgmS{#-\GjO\;\hh\\\T\Hg\`k\NR\gM»\4eUU\\3\rE6DG+ݜ\Ê\fs#ϷT;\\\,\{\'[f۶y?a\n{|PU\bcN?$\\0\rU\L\L\\8]\vi\\nP\\ͮ\n[\/\\OkT,\'\\IbCω\TC\\n캦3v\Nm\\~O\6곷\\(|\ad|ؚ<\%\\\\0<\h0\Is\\k\\\\\-p\4\U\\h-5Y\˻\nyݤnnK\ۦS\x	8\?$۲\\\L\\#jS\n,{њ\B,n#e\%\\f=7M\w\\	\A\0\\K\\'\0+\\\0ۓq\0KO\\0e^\\\Wg\_\~\0@B\\6HDѠ[!R\|7\\0\\0-\0\0\0\0\0!1 AQaq0`P\@\\\\\0\0?!\0\\\E\"\HR\N\\qu\\\\\'vʎ9\H\%1JnӏQb\\ngHe&u;\Tu+(\!ǡw/V\|c7c ;\\\qxc\\t\R\N\\w\\'\{\nl\}7K\\0@.SF\aLE\b\^\\'܆E\\n	^\`Ʒ\^X\\96C8\\0	<\.\\\Ձc\о6O~\6Gq?\$6ֻ7)ʛq04[\":Md2]\1xL6Oۊ\R\\ƒo!\+@ѐg8>d!\';a>cd\#\rwR1&9V\q<N\!,\Rw?S\5!\slG M\\ZئfY$\.DB&%\N\;H	(d\{99f\~\'\MȄNF\#W, \\Z;\k#\\nUR\\%ǴG\CJ45tD\.\\"C\è#t+ġG5X&ƕ!\\R\SГ<\'\\O\;\[Z\B)Qw-Ҩ\\%1O+qU8dI]FA\"\7s\\p\\6%>}B}-\pձ\d $\'@R\B|!Bc\\1ʼ!tWj2\D¸K\59D2{(V\\\\>\m\4\Ǔw8\\0\\o\\..@(\\\gڱX\&l+u>h\qo|kN\\\rcY\Hڸ:F\\\'	{\.\q\4`AKA)R/K\7&Ģt@eu\\AEEb\n?I\m\	Үtq\\޽\ѺcM\(1DjD/D\\Nl\\\(ȗH<xN\E`t B\"`c\\7$	\;\e9\\\\\\$\0T\i\\\A[3\r\Vi#\$h\\C\\Zp[L\\\noL^}CFC\XT\XЍJ:\\V~$!raB\ iXha\?%\uQ\\n\\AKѸT.E\K\\\QԶU\`\E\"!\r.E1X	;A?(\\6B\\@{$I//o1\\V\t}X#\\/\J\'Q\];\eߒlP8\r1nR\\\0\QЌ\"\\sQ!\* ȴI>R\_$:gLzMA*X\\KM\\\吾]@Ks,\\1=I*2\$\\[Њ\=0E	RV\\wA\&wC/F\\\\\:-\)`ieGh&!kF\M&K\3\\;.\<\\,p7\\\ލBˡ\~MťXNH\"4ҖUi\S~\2%r\\\4֟\JR\܅?S݋MN#-E\\1T:EHt\":F\"PرGH\Z#\\C\\N\_\0f\%ɯ\0i>\Բ#$\;\:	\"ćK6}Q\\cI(ÝSҎ~z+CY\-!8\[\\<\:-\\\\۞\0	`C\"-V̱摢h?k\xf#\\R&\Ű\'Nd\0ɢ\V\Q\n1sa\Z.e`Xr6\n\r\\-\n_GB)$LQLW^5đѱR+\bB\vB\K_}Di{\"c\ӛn[`kqG&vWdQ\\r\ B\\\\\ZO0ɝ($G\#6$Iv\\\|_\q\κ\]5\;#\\-.L\=\ӂ\\XT̡؝0[}R:\"4ƙV+\Z/\gCD:\	}ĉI}QI[SfQ\hIX\d8\\\0\"b\ \!F`̮(JQ,\\ʨy&^\\fAFz1tF\ɒGDl\\\\08\ce6,9R\\*qLt\\\y}\:N\ir.8\\n\]4\'\E\\Q\\E\A*M]\"lbrMRdpȢPIh\9\\\%\Fɀv\)r];!Hfoө3a\a\"K	G\\s$RL2h\\\\P\\\0tp%!f\c\-Jw?\\,{mY::d\\\r\\GHj}@XDRuNL\h\\C\",Xp\yO\\YBi`K\!\\rǖNP\\\;?<1\\\\"åuQn,a0\\\\\;\Бk^\\\\=2I4x3\"Z&̜A\\!Wė@\f\ihMI?(\\t?O\3)nn9簕$Xhc30j$dI\*KsbD\6\\!z\oI2FV:[EA\x	)$\\\"ւ[\,S&q\"\\o\"	l\\\\'vJ	ClD\n)#)1%aN\a\m\BQEH\GOjN\rt\":6\\Y~\\\\͋\I(ıd:#\\o\VP|\|\\RE/Lh\$\%\\hD14B\'H\\ƈ\E\q\l\'qw\m\'Y y\rr-*D݉&ښƤ[\Lo\ZܿP$\6i^EbSX6[Ecc9\\=Q	XW}\,\C&}gGWG\rl\.e\ɋ,w\\0ǚ:&ā]*:I\>W\\縥\	ޒP,\n\b2>L4$ٔplND\V):<=I\\0\\1#0$%/rXTKB#v\/Bf)ƒUjlX\'$Н \27d[\r	BjI	\\\ˎ\)a.q:,Λ35br@T\\M#U\I#V#L:Ν\m\Z\\#m(aY\rF\BQW\ Qn\,Ӱn<P\rR\_\0ɓ\"Vr	<XHJ\5\I\@	Ɓ7#\rLNO\"\\d3ri7H,I4dZ^\fX\\T\du<B\6\\~i!L2F-/qʬ\\[H\3q\.V\\\\};9\\V\}\KX\dE,\L\"t\&{\#Ru4d\&Ώ#rM\	H\kBBd	ȇ-\y2,7shk āȚ\n,\\.<Vfh\DI\"ujN0&K$Z\KV)\Z<\',H\Xj0\\-c9\%DE6E4L 1\i\fz?\O\\qlX;:8ѣq%\Zr\lp\GP\\M)$L2E۳1b\\b/\ -֖\\\\txhsF\\/b\\vDyN}\\$\ZD:	\rQy<\>l	/$D/};\r5EqN\Bb}l\\(-!|904\'X\nz\Ե\\:z\\"\2FȐ\,Q\p34*\vɰ\rnd!\n\Es K]	a}	Q!)\\i=\$\c\A\A``N\I;	.\r\4\'\ra\\WX\\\Ľ\\[az*֍QU\\7w\@\\#\\E\"$D\a4e\,bhVpȣ\as+;5\	\\\nm\<=8\#}h\{E\5Lk&\\"\\\Z\\-_4u:1D\\G$څz0D(Y\0\\I\\Ɓ\\'\J\Z`]\IEsG\\\\h+\ \Z\Zy;4OXt\\v6\\\ܥ\d\\y;\M\'\Sz\#B\\a\tn䘹uē&˰]dJ3\KE,i\I$yj^\v\ʓqsp`s$&M\\\]Q	bD\n\rw6\J\I\&\Kw\ؒ.\afԞoY-D\\\\Z\".[V\t3}t\Z.S%aZfr)e:$@\Iv\\ϱK\b\\"8W\\%.䫦2\\r,\H3\\ra\Zd~\ˉ1AR\\Ir4\A\Z \4bIgZnK\\KR\E\13|d\n%_Ha3\6	\\c_x\\nԄ;\\_UG\\/\2{\\!!tP,X\r\\\x;\Q4\"j[J&)~)5\\\\OIK]$\\5c\aY\O\uDKo!\G\B`\\\\\ZjDŏ	 M|K\$\$D	9\\Z22!iz\;s~~\r\\rX\p\'-$\\BGbr;4\S\t@(&\\k/:7%1(\/\{Oe\"{1G\@ DY\d\r1mнU՚\$I(k	F0\<\"4G\\Y\#iMdH˗\Ly!ѕ+4X7\1G-\\ٸ\0qG\!F(\͢\Q\\\\Z\\G&FTP\3#!=\eBď=ߓ\\-\\cXf\r\\\	\\m\i\\Ucg82&\B\\\_#22\\\ٹ?K$g=ǆI\<R$\L}D\\\\\Crv1\\|Cܽ\i\\XᵬakGD<i\Zhtn6*:vS,!\2h\w\c\,ceRQ8&\\ԴɬR9\e\sF\`\Gظ\%y lv\e\b\U\jn\8F,{ղh|`\\n\ٸ=O\\c\\"FmU\@\\}Y\\b\\'aCڋ\ى\k]\6C\ ZHIV\,[ː2*\B\\yZۛ[>i~} \?\@u!dT8,@\N\InqWё#6;lű\\َ\!M/\\OJB4i\&v\&\꾆57Q5B&Y(-\'fa-\\s	֓Em\\"\n\,M\`cCԲ`\\ G>\Xn\c\nq`\M\j*\\CQ׶7Tk4F\O4w>\A碨I&Jv\EB\4x\\p/6\^a]:6<cHWflQ\'\Ŋ<\\n\\'AREO>\\1\z\ncɖGhLH\0\nr\nǁ_a(\m\Ή&D\<Hz\XCZ$\r#K<\\~ \XP@\P-IhI\L`Rnńp\x\\v\7yX02D.¤\zڲXI\\L\F\+M:5f</\;΄,v Bk\\"+Kor\Й%ߡAУND\bnF-\k<F U\n.\r\脨\.\\UPA=;U\"tI\"u:TN\ĉc B!T?\khԹ\G4wW=\D6-H\hC1c\\ir\_\ѪE2M\eL4@\\\@\\t:mK⌾*c遘\~\\k0\\'@_M\\oG\[\O4\^5\0\1zW\.*OC\Q\\\"bzН.{R\e\CBj91	\Z,6~td\\\\npDB\a\qw>\N}gz^D\\"\c#2oDJ,Xh\M\\\\Nň\4.2.%\@\r\\\~٨\\\tc\I\j\\CG䞴\'\ޝ\\`N\n\ڑ$dR\\ԏՑX,\n\	S\\BB\H :A3zly6ca:b6K\'\nnW\ny\~zF\\3XxF\[\"\\\\\;Ũ\\\nM\\"\ZcDB\0\N	mQ^Γ\rZ\7X\Lm0GQ⫊\W\\\x#gq\\o\Zpt\+\\nK\M\s?:7,2,\މW\0\\\)d;Vyl`\#ϡzm\Zz[\\\#\\˭;R1\{7𐦃Dx ,T\\riܷs\\K\477$\\.\!\fQdT,n,TUTޒ#\QN\\GM\<h\_q\XNa\oԅ\\yF\UcɄhTUWs\[\Z\N\\\'I$=\0t{=ϑb\\śP\1*TZ\\а\\;\Z\"\\c\ZZG\ug\\̮\j\V1:\ȶ\\\OARC\\93蓑\H\\f/\|8v$\\\J2-=\'|zE\\ǚf\ɎGR\\\va\\"),UQ^oYF\>۹o{4~\\\`\~-2I:\\\"WGj,\@уG\7\\&\fH2(#sbNp1*\Ul\\\\\"*\uzlb[\'\\r٭\\1a0\o\87\r%R\D\lU,W\2\"ij\=Dމ,1\$oM\ap\v\v\\\sb\d^5+\n4\l:ڭ\΋\\GV|\\~ۃ^OIMUz[\܃\Z\\IF\\\\E<\\^\Ds.{N\NU\2i\e(dݛ]\\0\r\\7\\Y\\\ݟ*E\"Qh^oL\\9.l\\\\X,C\"q\3fn\wu\nQP&$TbN\]$VbI$rmQ\Ck*\I_\ڏ\\\n T[cb\l[$$7Eƨ\TRU\Z0v>nǻgCd\\\-4,@b+\TXQUpX|U$\YY\ϐPE\DI\~j-7\*I-O\ZȽccc&4S\m\\>R$qH\"\	Z\.\'fTC}v\&GՖ\ze\ʎP\;S\s\٪ra\\\G4\J%I\\noX\5Cji#!d\3\0r0fޞao	\C\\y\Qb\'RXF+$\G;\nF=eFH\`̨wɟ\^\jeءY\En6\qN\Isk8,2ڈM50 %Gs|3\9;WfUi\E\\~	г\I\\f:\r`3&a\A\\"\\P\rR6mO@\\N\\$\b:Wp\Ƴ#\"y-t^\b\|P@TO*xlLLB,[\Њ\zUѺ`c\\\KC-1\FbU3\\'\O%D+Aɂj\	F1H\Di\}9!C\\Ib)pd\"Nw\|r{)\\+i \F.]U\x \\b\\n\HќS1qW&\\\\bR\n4e\j\\	[\\r9\6Ⱥ\nx;I)\"B\X[f\\n V.Č(Hp@ȉ\rLp\\\(\׳VF>\\Ș%t\!\,)^\\K&\\^\<\S\ h6JB;<&\Z\\!\n\\\r]#\G\!>\r\(wr,TTT.=t$$Z\RQ\\MІBnKU$Kc\EE))52an\>\\\MBHvV-\\'\\\n\ڶe-p$ ĈHСb\A\:mDt\"\ \mLĵ\#Un\\\\\v+\V<&=K\	/ 6q_q9 C\PrK|%;\QIđ\ B7bQjn[\r6\w G\\\#9,Xlt\\r\D\\}r\t>\\H\KI8a5\n踰B.݋/\\\g\Duz|V\Dx #a\\0;䂔K\0$e\R\\X\Ƚ\|_\/$\\#}Q5\a|WCl`%\QpA\Z\ II:5\܈{~|]\):\;O\%\\|QMA\R\\*`ߜH^q&W0\\LI\\\qr\Bs\a\Q3\3\su\I~f\}p!\rJ\\w\\s\*-IE\Q\6g\\t/\\\\0DW\6\0\$\?}\[|!I?e[\_\Kا\f\;\\\;ģWyf\0\\\0-\0\0\0\0\0!1AQaq `P\0@ѐ\\\\0\0?\0\ަ\5Hu²u~bb;)Dn\\\n*(\tW݂\n鄐ZJ\1\F\\pH\Z.4F\Z\,\\g_\gg\ҮX\\l)a\v	D\^I;q\HY,eI\r#\[\r\T\\@|\\\݋+8<@U6;$XYyBZaX>E\\E*!KՂb\\Z\n\%xS&J?M⼈*\UV{5\k%q0m\Ze\woȪ&溟1S\#m\\TҽFH\"Y\F\ˍ6k\#y,k@\v\\&\\Dv\\Ȣ\rIeB1I\r\ĥ*\\\/\\\\ \\ɞ\r.6\\e*ŷU\\\.1kM\8\\7<|\\\q\\5ӽ\@\ƬqD\n\\Z\\\\iZRqlUF\wt\\Z7\,\\eE	XG\\RK\W}bl\n]`2q%\"\\a%&hYW\gE;]1)\%i;YB\\0	MYU+\JK2Ϲ\2\Z竺e-W\i*gU\S\\"t\f}~\\\~۸>+e\nĩ坑m\nPҀ\\\.gXѺO\W\MSumK3\E}n\4R˘*\\Z	\jd\NŔ6o\.\K{6\w!R&g4\"tlQxK͜\(\\'}d{\$S\wN\\ra`4\g\\\0Ktv9,m\%\\\\ʯ\g\L$\W\0#uQ/-[JLB\@\r@R\ۨ(\\]lS\\\Z!|\qR\I^\R-\-/\~sCX\Bl\Vĥ<bEK\r\0|\nvX$J֡)p0v3U+\Ĩfׄ͊{-@TI\Zxn\\[Z,C6\\DW*bz!r	x^n%ƈp(kicY{\t\v֞j/k}!\ \C\#~m\f\.%\Z|\e\5e\\g1\qrK\\*i\r+\Vh-TMK%(\nZHb\dv\n\HETx/L+\\\,\/2#0h7.\0pTt\6;\V`aJ/d<U=>*	5?(о3\0n.\GRݲZ=IUȊ%c9\`\0m!3hܧd#.{u*\Y*\\'k\04\G\WKìr\"ZƁ\Eu6ZzR\ؙ,Iظ0%\\GR\`W\`=8Z\=\*\\0XaX&\Qx*SVYk\n\!\!\x\r\&\'Y	fox8t\8\:\\b˰d[&S\R\% \n\\Y.<\#Qo[6\\B;C\\e\%@Pd\s*2\J\?\@ҵK5(\-2ZC\\0m0t\U\\Ĩ\F|`E\\\$n\\\}0\\>\|ΉY_/ļ13M9\(Lx\ʯYS	BF\\qgV{\/-2Ւ&+}L\<AEj\@\\\\"r\\\Ș\\=aS\\U\r5(\t^\\]J`\Y\\\\89J&z˕\/\\S(\\g^^3\3\KJ#\BK\\<ņ.kHTho,xb\nܱ\n!C\(A\n\0 AB\\Z݃ʷًxB\\\/\+\LSʞy\![ru,\\nUJMY\))N\hbơQg 9S\\J&Yaܨ\6D\FQp\\c0u, \D\\4:w\ K]Wp*!\\nO1\[%S0=0XB 1֥\^ܢ%\\]*2,iz]D\DjS)J|K!!\jS)+̨h:JU@;\fql;!X\0\b\	s>^\02vF\T\`a\D\lzR\\\\Jx*#x4JeJ\D\	w	O*Tm\\JȡV`=F3\\<9.%GR\8i;\qQ\\xQ&J\n\f%\\SĴ\@\PK]\|\r֛u\k\Z\zYh\F\\\.%rw&K\|\Bc-Ǥp\%s\U\Zbr1TQPn\pfz&{8i炙 ;\\\q\8\-Ũ-k\YLJx\\5p!DA\v5[\Pw\\L+V&\[_V]ݺe\0H)6\\aW\\\\'R\\r1,G&\*1\\j{\eLAof\L\m#q⟢\%ĨKjWf]E[.80L\\\ANԲ=\\(y[AU\R\\qb\\n\\	v.	^feg\\"@\\\Z\4a\'\\+̺o\%1U\\\\\J\mi\$k\/e\\,YS<*o\n๦,\\\\/x\\\KD<t[!\ın, UEͧL\\$%\a&]\W	_30{\F\<\0/Њ\p:L\Z\jQ\b$(ql\r\G\+\=;\Kܣ&Rc\Q\FQ*f\r\\2bcDBΥ\H\PښPw͖\nL\\W\&B5\0вM\݋\+ƐίinL^+\\02\\Z\\Q	r4\\%W\oђ[-xW4F%\}+\DS\U3\\ze0>feJ\\,V`Z*7a\1݇\f\r\r]\pZX\0$ҷ-jV\ZLz&OaX쒚\"\IGa\nw2\\r\*|frx}a\\0w\x.x\\S旸\\q/\n8u\=\=KxD\\h7,Yq\f?kѻ\\t[\r1-\KO\\L\G\nj#ݕ\$/1>b\\N\\1gTǝ\dl>>?KO\\g\x_K\ǨϘ\|z\\0\ *7`F7}\\ ͕\\'z\"{DT<LPxB\}l]e\\\n$Bi\w#vd\Gd\n\G8\Jম^+3-\\\@\Pٞ\nC觖S)\\\\'|Nx\`<ؔ\vKz\\L:>%ԴD[^\6T\x+-\JKmC\;{D\I\\f-\F\&\\\*+\\5VI4)2sz-(T\9(f\Pj_\rc\,6\*\@]Js/u\2Ƙ5\d`SV*h\*\n[\9GS*yF{C]|\\\s<\bZ|si[s\ZnW0º\G\7\?\IeW\D\V,\\\1\a<*:+)x6L\\W\%\W\%O\Z\~\m\n\WD\:\	c\0ɸ!\Ĺq\\.\⑾-\0A]pJ`\"\rܻxψ\<\Uܩ\\\`D//՟SF]Gq&_פ:*P\W@Ȑ\V=3+aDF\\b%cn\\\mjۺ+/KNakGp\-Բeq\\a&C\rP\\=X_p%4\mL \\;/p,}¹[\\D\0ʼ\E[-żTĩbW\^\+/\UI\ǋ!De-Aa5\r.j&\ŝ3?P+\\\\"y)Q]\C~\\#\0@^ZxO=7\+O5x\D1L\ZІ\\n\r\%xjdmoXW\/\W\\\Wj\\\@B*W\e\\\F\\bƝ2WX\.\|F<J\'S\Δn3r\\\\́ӛYZyc}\fg\W\at_L4Яx\7J|L\Pm_va7iC\\Ը\5eDa\aD\E%uK@F\38Ѐ}Y\)\\,\\\0\/ȗ\@O\2\Qr\Wsq%%^^;r\ѝ\\K\	.U\K,\\Ѝ\a\bPzBfHk\\\A=\;\\0\Wv\\\\\UW]\A/\\:L\e\`<Fw1P\0\7Q\niѹ\ri\]hb\ۃ\5\:zz&|A\\Zb[.Y\\?C=`\Rs\J\\S7\k\Qp\\nuҥ\\"(\pP\\Yu\fBTچ\{\V\%=\\V\\\\CvB5	FF/\Cc\4\v&/(L&o>\0UŌ\\ak\+\;~x@\\\0b8n\\=2\(\0*NK\f{\0,ԧf~8U\Q0xÃ\ZP!f4\r\ Ι{\UXe\\`#4\\ޥ\\H暍BO&N\rUCE)#Pt@\Z΋x`\uW\*KԆ\\r\\n\(oH	n\S\'3IWW\+\Овa	\nP\\\\\\h\5\lY\{\â\I\`\ܤ\\s\\cb!S32\':\\\=+\0\\v^]X(\ZAjRb\\c!E\Ī8\vwK*RWl4;X9/\ZKg	-\\S9^1\h\\\=0jvN3\\\U*\\[K3\ZB!c\*\\ߋ\0\\ɸ\0Qmp\tx\}^c{O\+Ƹj@<k\gu\\nFT#*ѕ\\\u9o\Ku;\ GX/j˟\\n\-\ZB\n%0\īG e|\3\GWPX\,\/\Yz9٘0!\ \ɒ\>s!]MRXW\ϼħ\n|Je}5\\^%~m\\\~c]\\<	\\\nQKJ\03\0̴\0l<\0\m-.\\\"cjX\'\CA\S`[P\Fgv߾?\Y{ /.U@JMM8ɐG\.\ˣ\ȑ.ȞuM\/5\"Ay\0ӄN\f30\\&I\\\\Y,f%\i\\#|\(8,)\Z֍0M\\\Ⱦ&IP\LgZwD!\&,^7\) F\n\E\b\D\\@P&F\"\\\J`\xzv}\Ó+8/\\"\[]ªX**(\Jn&fe\1\)AfS7.%+@P\\\`\DΓK\s \\\s1>NVwSȊ戢,P\\K\ÝG:\4@\\ϼn5E\7t_0u#w)C\\s	ejk\S(YA*$+S\Pp(\\\\\rYDv/},\\"Y\0}j\hW\@^\ܴMT4LMfq&p\	T]AB|B\l\KEX)U*\.\Gl@31!\n.	Ӵ0F\N.8NĵFɽ\\8p\Ecy5ܺQnXp\\\fZ]\RS\R)J%\{d#\b2UH\w\g`<G)\"\\\\\\=$\Z\x\ǒS\\r\\"E/:\1:\\$9ť闥\{\n)OX{!\XjX\\\\\\r\\0Kn\n,\L>\\}T \b؊.gpl\+q\\\<Qk\A9uPA,ID\"\7lm!\j_sP\S\\r\=\Z\\\4fw\\\<\'K˗1j(Hd	X<\ax-8\vb\h[s\p\`l\&+%\4yf\rB;qh\\rZܥYjjb\\r]\\߻Y/\F-­\@\\\\\r$\P\S\`\\\0 S\0IR\h1[\\\;*R\\&.\\ܺ\8qC\0;\mK\G\4N\A3x1\ZzQ\8\Q\N\|,j\-U¸TD\\@\`@-3U\\"T$}\CVA\1Q@YS[\@\r2\V\C0x\\(\+\%c\¡\-\\\`֠\a\\;\TǪF\0\.i5{\9h0\\\,+q<\!\hg7p\\@s\r&|\Jf\\BHGK\Z.\Y\\na`	\\\0\\S-=L9]\R^ĺ\\\\+Og\nea\\Ǯm`S2\\Z\	pԴ,(UwEXY_2\İA\aܥ\r\W,-r:`Uz[}DQ*o\r@ (\[Q	\qL/(\r]2\\0o\\\Fr\.ş5%=kE P\@%67]\s\.\\0[ı&R,EK^\{v&\\ֿ\rKA!-LA]\w\0@\~n\Y\IW`\"\\\p#nġp-\\\5+*_\0ў\	*|;0\\\\qUC9e	\q\5|L\(p̹h4\r#\l\\\<\*\d$8X\0Q\][V1S%D.`3(\z\\0WD1\0|J_P_h0-ñ׬b0xZGl)ىD\jRe\~Fd^wLiqdklpUާlU+\HD\yGG9\\͕)\On8!H\\\D\\<@0E=cJbdв!SY\dK\\vqG#{\\.|\\B\l7ű0\[p*f:\Xb(L\\x	KOLi_=FO-1\\0\(\\7Dcy3l*YS*1)@er\U\n\\DD)\0\	R\0\ZV٘(qEL\[Cej5b)<0^@*eԁAnx3\PdMTn\\\wR\:v\L	cܵñ+\r\Pvj\2\ \5x2Dģ\Z\_Hf:e\'@GpHRʹ\m\r&)\R\\^7\D+\0\b\\#ޞK\nRlW5\P\"H\\\{:sd\;\\צ\nK\\f\\ߦ\\z\\E\MeT\!؂\r@\\0\\ &k5\(B\\A\)T0UcqY\)O3=cbN\Z\\׃\n}&\\%3\\`gd>\\\\\\Z&B\\k\x\-\.Ў!Q=&>k03\4\5c\=4QPL\̨\\=pF-\\\`3oIOLFvbhj\p0\r6|\0\\\TH*\vïd:d\q,}#`ضW\J:\xq4eQ+j\n[Cqlvg1\:%N6wLǼ%$J\\"\0+&e\\J\#ILɔX\\\\N\%r\*P\.7&\\3ن7S,c郜E\HM\6KQxLepd#e1s\Z$dm曝jZl{\{͟MF<31CD)U\:f!f\\^\kD\\\SyЂ,tGĢ\U\C1\l󶟙uԸ$@\3q,3l-&\Ŝ\\p^欦G}V\\\\\n\Y_J[rS2n`Yt\ω\w:ؕ1\\)%ګqJ&/\0\廎\^ZRDl@bW\0v\\e\bYv\P\F_\\^\D\"4MG\D\K \U\(a\N옸2_\\\Z\\\0`e͖DB!ff\W\!`j\\0K \n\p\\9G\\ݴLX9(\a<6iYr\\N߈\\',a)ܦ˻zm\ZW`<O\\0\Jn$PuQb\\1\7s\uORFY\\1il\ڥeW:<%o2\\r	d\`\A\ObQ(\\\Bij` AIq\`%\	\.ZCп,*P#\8[\MKg\\\.^\^\\0+\\o1 \\	\\\0b#\KV<*:?3~6}Ҫ<\\\\"ɽy\\ZR@3\Z\\ \\@g=wm\J;v/\(\#Y%XMC\K])^nF\\t\"\tO=ȥQi\[c4ڢ\Zb\֥8_5\3l\+\0@\\\\n\ΑZܽ/Da+\)¾HlHv;Ğ\\	OtKP0\\\(\H5\{)h\XfH1@Ai2\m%\\\\E#\<\\\\\a2!\`dz|\ru<\n\=T\P\88w\0{f{b>b\r\Y\K\j\|Ȁ\w/ps\(\R\\J\\U\rFڋ\z\cl	kKVS\x#4ẬPQC\\6d\\\\\o[5\\\nҘ*\dB9pld\,+\d\mPcp\R\1}n\\.\4eq\a\\6:\2\6ŐieNR\P\dz5\I\\E/b-\~H\0\=Kw\3<ë)%T^ry*\ 0\D[\{\l˹)7|\:\OV6S\ݤ\F_\ܺو\9n\X7K^!1de\\n\a\\~eθUu..5԰\$Xܳ\oS>e\\n\@+\\\\=HX\p\\P&\\\wUsӀ5\\0dXxl\Cb\\imF\P\\YA\ez1QEC\\\o\(5xf\/P\\ha4Mc\\B\\#\0؄w5=\w5\\\7\ا\5\O:{&\P\0jc\sm^Û{%\#l[\\\VK\CD\rı3\\re|\;YQ\>I\\.\nqlj憑&2\\E	N\nc\TC^C2\RzK\\\0g\6TJ/Ĩ+&\c\\!\P\pCP\h\\"W\\\	p\o\rL \\ԝ\\Ҝ1\8uS,x\"m\rHS\)<O\\g\\EΥ\\r\AdE\d\-\1Q\nFy\\\Y\ .\8\	d\ig_L\5\+\%&\?Oi\\aSCW,\\8cژ\\ )z\G\}_\!P\ܸPg-\;CD|\\C\+\\\J%2\EJ3S3@p_Д^c\0\\\8aXee\j(\X\\\wfA:h!K;(\\\\\Zup%J\j;eN\\\\A$5xX\\\c珆\r;!Up3R\xpVm<\,@x\\Ol1Èg1b\b!\\Z\\.e\rT\\_\\\\a(\XJ!\\N\0QO1\\͎ىw#*\JD-\\a0\!\.8Z\XY\E@ٌ DTض\0\\\Ys0\GK\,xk#wٺ>\0ƕj/h*_\tcO\\܋!]q\\`k\8%\S)Rp\N\K#V\a\-Bq\8GH5#*5\\Y\\e7\3bW\~l\\nܑmJ0,\\FaNFeKs,b\{\&<\\"\!\\\bͿMA\ZY}q=SX\\ɹ1w*X}\'U\\\U\0E\0K\r\fx\\P߻\\TvNWpl\\'p\\\8f+3Vi\rTDvB142\<VXrqjZ儾-\qR\r[Ùq\\o\\Z,\a,k2|*\LXLڈll_XG_o\\e\C\j|Bj[61\\h\5 -f\P\\n+H6іvJxM\"*Ϟ\q\%	@o\`)\ꔞ}\E\G\E\E.݆\f~\\n3R<\d4r\g\i\C|\\ڦ\98ql\\*TP<\ŝ$~핪=ڍ\K\(\6cY\፷3\\\0ʏ\2Nɛ\}\q\\;5Wp\s\\8\L\EB*fwr?|\\L񞢶_}\I\r\f\r\\\\\3Ե3Iٌ<S~ ?\\\}\1\0\.*:.9\\ULM(b%I:\"S#\'p\ڏ\,\|\\GT\EnS\\w\r\wbQ̤\\Zb\"ܚa<\Q\oo\\a*\_1\\\q\s\Yf~%\-t\\)\쌻\&<D\\\\>2\nm\\\\\ZZ@Ų˗\n>#\J\":\h\Ѳ62# \TT\nZ\\,\f\a\R-in%8\~eUF\\Ζfb\0.hBe\,\\W\rdU	)u\Js\2\Res^s)#\rdH!;\\j[\f\ɣ\^\j\5\o\\\W11\\z=\-x\nBfJZf8L*)VqRYQ\\lw\K\\O\Zfy|\	0\6G\\:x\D\\\\0Z]\\OJx\Qe3Z7\\"\5(R\)\\	\!VF\\"nYDSw\\wPΥ-@r\\b\\\>\\\U\;\aAYH\w|\.z\(\\\k\\]\0SٝTщw\\}Titb\\n\P:n \;\5Zf\3\0VK`8ή3X1\˧m\VIW)\\\\\dƶ\\r /b^\\72%\jgR\p\\$W>\\x#~\R\c\;bU#Sr؍(\ed\K1u\\Il!*\\\p\\r\/\n\J\'y\gQ-\\jmGS1J/p\dm\9@>\VIONP\re<6\yBu\0\W+\\8b<\_q*Z@9Bk\pZC\Zi\6a\57\Z.\0tG;\\,\*#W\\%a\ւtHHDIJ\%dk\\\Cm7yD%,\돈Ejm\^\*hTZ\~\o\#0\	w\\\\\n\T\\\;-\\r&\\4a\o\\oaxH\oRL8h\"ȝהFqL_.si\J\2\	\qL`,\h\\\]웄\ǡ\M\\n\P,8\=&?fi_pv\7\\6\51\L:p\Z\\0tX\r\\bɇ{P౸]w\Y1\h,7Ք5In\\\e3clx\S3o7|Y\2ي!\"!o٦V2q_1uQ<9\r^LLgxq \\gQ@+4\\Ntn-ni¸Gũm\\Z\r\\\\\\$ɗS7fHu`\~\.KHm` B\\-u\>;K&\03L`\0V	\Zsm/\2\\1)\őJH\D˚\f^ø\6kbX\EBwA\(-fE\\;\\t\\[\O\Y\ϘW\\\\ZT@sP\Ё\2]úZ\Ʉb\\Wq)@\\\\\]\\m\LϘ!.Y\c\E\6%AS\\pұ\\=||<\0Y\D\ˊ5L\\nٛ\p\H%y#00\\\\\'A\0)̤X\j\g0B\\S!ILz%Fdf*\P\l\r\5\nDDH\r\2T\\=O\i6\"č/wF\eLI7)\;\-\\X+$\n\«\'^\Q\\Z%\5Lyq\ZWJ\\-\7upZ,ĸkQ\\\2\Eh\\\e\\f\wyB\PPfو\b(A)\AX\\=f).Km\\0ZIL\pb\\rp\Y\X\	q^*\!a\Ȇ\\Gyn<\%\\\ie\D²[nu,[aA\`1Z҈h)\6`\\\\e&|\ϟvW!ъԻᕛo\p!\Z^`T[{n\F+]\X}\0:vr\M1SQ\*i;2xuPL)z0\(X\\y-\\\nu\}!q%<\\c\\`*N\\ru\m\\$r>YU\檦&\\\S\k_e?\"h#\\"8O3G\\w3\0Y[Sc𲎠6xĻ\\\jw\qiߙ*Xj[L\8\\GP^[i\\b*mjr\vG9\\\\?f\0gzA\˚\T OI\5\\\\I!]\\P8gR0Γ\\\/\t퇼{v\~KS\\L\\R\O\=H\f\'s\?h\H\2f\nqlMn\	ush%`L\%\`\-\*s,əw\\\\\\k\\\\rzcr]	\\ͭWv<TsA_b<Bi\B\s0&\"\ƾa\\\\2ͽ0\T\eW\0\(LEѭ\\765)8U\|\U\u\^/\Tm\\\A.\i\	7\\`,F\Φ\\~\;\=\\0i\	_c8\Prf	=m\0zb%\\BQkx\x3\\\\\on=f;ӗc\7b)-Ւ\\"\ʄ8\q1-L\\\h\"\Z-\EŞX\i\h\Z\\ˇ\G\`5;6vs\0Il[@jk\f\D\i\\\^3U3Y`\B|pc^\,),,J\)1.c\)h\\\7c\n7ń@]TBT~\ŝ%s\\\r2\0\\Q2\\[n*\_\20\r\c\\-WPi\0)㫖@\\+\Ϟ3El0}⢧\|\Z4G\\'\\\'i\\ؕQR\\h{\}0PVhި[2hb5\[<\ЃR١\n\67c\b-\nsOR\\4\\%\\JD6f\aD\2\\b\-\a\ٙ_Ձ8*iu(C\\ܵK%qhD[\rJj\[̷\^OK{%<3xb\\m.`*\r!^9ij\00\\M8VX>(\m\g\\ \'%b~\W\\zC^\x\#\0kpEĪ{/ᅴ3R\\ZA4G\(V\\-Qŝ}lW\ő\>	Y\Xp\s\\2\#iTgH\i*7i&n\,\\-=\05\fW\\\8R\YnWaz2AH\\ \\\Z7,1Q\rQSES6 Q>\\T\Lx\fYA6EV!V\tldWv\o:Z_5%\+\ل\\tJW\o\L\ZC˾M%\F;&;aCph\\eƓ2\nk=ϙ\pY~BԵ[E[#\坷-ۂ\\\\4N\\\?z*I0!R735~g\춱_.P\*\0C$!`\n[\0\\|ͣ54\\4ҪfW\^y2\7mLΑ+w+c<\n\\l\LV\0\w\2\Cq\I\\4/nn,\\1D.\Z[:6}5@ZLpZPX\\\\Q&\2g)Kfܳ$0#FyIw\\\a\QU\mC\\\ΘԳ\#g\.M@ϲ\\ཤ\\0	0N\rf\nܶ\&\5+`^\n\k/\0}S{\*\,	X\yF\nѕ\)\ng2ek`\r!Y\0\\l\0\(B\n\\\\\\6!n\n\\r\4 *Ib`fC4c\ȅ\`\ma(\\TTNn\\\>qq\\0XH\\\G%\\6\5\r$\\"je\*\\~]3\'\\rZ_4R\\p3\\\n\]J,\Qz\Z_TrC\vz\=\\1T\"<@e=J6AE]ʔ]\Om\\\ r/\Y\\YLP\_0m\\fT\nٺ$Բ[\Zʬ\뼙7#[?n,1\lUK\Tʽa\<Zģԡ\\\n h\J\%yx)\Q*AT\˖(\\\\Yuܼk¬\Zb\.2L&db?LvsZW\\\0Z[ïp/K\\T\XDY\\\X]RG/7_$13\\\6Wye\n*\2Fc2S\\Z1\\0\\eS\-ԣ%*ȴ\$H,\\\\j\̦\[j+Yq1CMmO\'ԸjV\iG\!Q\#λ7 տ&\t œwcEp\$b`\e地\%A\EH5\#=ET\Za\%2OMBZ\-(5j\*p\&h\\Z\&\'\PaP\Y\\1{\t-ۗٶj0\\"Qxf\\|\T\\*A/aKR\12J8$SwDr\$.d+\[U\>\@jR\r\w73[\,\&\"\\\n\S$]Wf0ROF˿HRuXNefA\0\\e\+_2K7Al\/,Ton.\\\'(\C\]\<q\t\q,\#\\\qUKxw\wi\#\r\0/,eZv\\F\\i\?,\-5\Ew͞aIw@\\7FҙK8\JLWS\1}\\\2\`XX/@\FcJX7g\}k16\`~aD]\\z\\޸F_١B\\fEzjYfRQB]C\\b=%*b`V\D\J|ORSCp{\,\\aka3\LpLR\j\èD\],\DZ2FmU(*WhcRå>o\\z>\+\\]Bfʈ\Q\\%\4P\\υ\Z\2\\iu\3\\'qE :]\\\\nE\#l\LP&\"\\W\O\Q8qpcdǚv[lPd\a\}\\\rl&[\\Ѵ%f#i)6\\s2\~O\-Ԙ\WT,:Oh]ʖpb|eL؟1(\勉f`\wL%A\vZj`\\b-M5\jг-Fi#9\"\\(sw2\nqQ\S\0Xaˆ&X<N**\\*\k\[\6e\eybxP\Dĸ\2\\\0#`-OɈ\o(d1<]bV:K~\J>k#F+?\o\62\멃\"b\\vʗ\\D\3\0\V\q7v\JrV\\*Me&|2<rT\-\\\Z\q,{R\\\R\؂\ܵ\\\rū\п\\; \\\/xK\\qW\Rf@\P\PnpcPnZd˅x\\\n@J̓L8\r\A^H\ @#m(Z\ej[\ک\T\aq\s=ʖx%\8U\L`f\rM,\\7f@\.\ײ4^Gp\~uwn\f\dG-*\'\Ye\\0o񔎽e@\ea}y\ŇM\\.\\t\3q⡖R\>\n\%,Š+5tV\Ty\\赸\nXhͲ(\9(n}\"\Q-\\{\s\S*X5R\\,b\n\\r\NH\Zo02:\"Ͱj\\fE\!L	\\0PܤMUBʼ@\EG\;`\3N\a\TiV\2K<$\\\)\f\2]͙`\pb\Zq\C\(P\C~&\\E(#u\L\'\TSq\K\r\\jAA\dct\11\\aj\{f\ƙ\Ta0\yK.Ш`oH\+Fg\%i\rg#\\\\5mF\\7K\(.]@\aVe\2\1al:x\"e\r{\fY\\\0@\n\\n,\_\Е\r\rQ\ī\ZwpT|\\(K0a}2\z\EoV\( \y\-♌\4\G.FP\0C-1$}	\ijʈ$\\22\"0\(]\nh	)pQQqܦ:\2o.VW\ścQiF \\\\\"\ٮ&3}\t\;D\Ss\->e\gHb?\NX\Z\\)\\xa\(J_\-B\\Y,0(^ׅܫt6k֥\J`\'\\\\\\B\'8PD\\STЅ\V\\r\\ezF>\'Q\\\zyV+\ZsR\Q[\g\\z\1\ ނ;;\\Ŗ2\d<}kŮ\QE\yc\j\\SgȘ\\"2\k\\\YHJ`\"\\\]\ȖטL\DZYnWԮ&\ǻG2\n%\}\\\Vc	\(֘<\\r\ZP\_5cf\0n]0ueL31\h4\rT\LYqM/}L\\\r\\n[|2\G$\vz<~xQ\\Z\G\\I15\(Od\%[y3V|)^WT6\|?k\O\'\{\h=؎T\\\\\\2\"\\U&Lb.B]T\\\0o\0\n+O\?K\0<\\y\D4yn\\0Rx\"?\f\g\]Iu\O\(\\o]g\\s\\n+\\?ާ\\0z\\B\\\\0χ\\0<\0\0\0\0\0\0 1!A\"0PQaqr234@C#Rbs$S\\0?\0\0`,b|\r\O\i&\"{\{\r\:\|IQ\\{jXc\l>i\X\\rPlb\0\@\0\0(\\\g6\]Aa\Gc;#~aN\'\9Eȍ=\\rh@E85\0y\\p-K\\=\\w6˖>,vE!\uZM\:ix<uP\0\\\=\p\J\\;\\8\\n\uR=vS\r\N \zqw\^]֓ȕ\ni>\we\,eq\'h5\n\3:\x-u\nln;}4w1\ǆ\sGIƎ7\\\0vY6t\\UB:\Go+z\n\\u$QL7d`*m\s\\TI\\\m\˰\\\\\\Vf\\hQGCv6\05eeee;ՐW$-\෫ம+w-\>	\hcpSA$/,x\>8̏n<,0֎<ʺj	\[\\[\_ 6[\yo ޘ;Ktw\"s\b>-,gx\\<\r@Z3\y\-|bf#\\/x[uZ\"y.\ysQP9{\\\\y\\r\p\fR7A@]~U\|\\;\Ùgq\CU\ɆW\vRV͢\Z+\'\qb\{)C\:/\\8?9\\8P\~ٯ`4\.%0\V\"4Na<\\Z\\8G\\\#ƋT\Z\\h*2\)V\oK\uQcM\W\\\1\0\\\n\+\nzd4\7\\\\5ƒ11\p\E\'A#<	V4\\Z\\8\n\\ib\x\t@\Z!F\鴰\VdE}&\\"I\NNG#a\uut\KPdO\U\S論\c 0\\n\\\{?e<xKd8C%_4h\n{\\\ng\A\\p8Aе\\U\B֟x\9G:8-#Arn\A(2\n8XjxÖ!˴p\9=GE߿\\\9`\\_(uN\\#(=A4f\\\\\\S?\\|\\m\z\x4y\ׁse\A\PQ\!D+ePh\(IWB\\&I3͙K\\5\\<JqW&\!sZ.\`;E\E\\%|?\n4VkMP\`:\\9-jZh<F`t\r\\Z\\\\N:ޏ\Z4pɉǲft\\9\#i\a\\Y\5A~\rwK\\V@\!yu5jr\\نle\\.da\\[pC\8\BiIkN\|>6+͗\\C/:ؠq~&\\#\4\(i\\n\ZH\\mB \+<jsn\n$$\D\r{h\-\z8I\#u\,>ӑl1\\Cq\ȭ\lls :y]+Dw\\sCO\+\RÃ\i.xAqRbߐ\\0$s*~&!\o\M\\\̌c\ĵ\ߝ0\<>S@3Wj\#I\\s\\&.\Z\tB\e:\(V\\J\/d`Ͱ\\9F<:\n[\\\|_9g4QW5!m?ò0-\e\CQP\"4+i\\-x\r\j:Ev\X\~Ea>^J\\5HC6\a\Ȭ8Nk!P딭\\0vD\\#\3\ZP\C@\-d3Z<:@\PE]]]m?ñ\.@@i\AAC@C\\nsG&\o\;yc\VSjs\\\4tV\m?ñ\\0!\\F\*9E9Ы+YmOo\c\\\}A\rQ\\\NTGVz\c\bPCR\8\iR,:\[T\?n\\|\\0Ӫ4u\\ڿ/~ݏA;T\2\nYiQ.NfW\\\0\'\|(|>T\AUШ\?3NH-\\\\0ca~<>9X5G/3QkmCO\Q\l7ǋ\C\0b<U+DQ\\ӑV⶿Ã\{\r\\\\ns3JP\\\hr\\x\\hA;tV\\\+p[_\\R:\4/PB\\:\f;!ms\\du\h>#<\\Q{W\\mCw\{!e\0\\q2\?\0c\Y\\\[\fЬ}?\\ǌ\\>!7NսxNnX\\H\v{5mBX\q\\dE\1\s\;\\\D72\+|ߠ n\ p\0!!\BG6e\8\n@ҷW+-[~\\<Fr_t2H\\Ynո{\\VXm\\\\F6./w\\,^).\\r\Z\d\qEfm\بi\0\OqA\<ZA\lpks\\^括\;\'OOJV\?g\\\Ic	\|\\\]f\M69d\$s|j\\k\\?\m<;㺙KnHҮ9\Zi\\0O%{\ݡ{Z5	\\5;h\F\'\\'\f\2q\\rj~3f(\7qW\2Pq\Z3ۤf$i3\\G\6,}\\ژ>(\0c?~,_l\ertqW7/\\0O\0\n\0\0\0\0!1AQ \"q2Pa@R#$05Bbdt\%34Cs&ScrET\\\\0?\0\0$\٭\}{6PotM\-^ꖎ\8*ַ\4\)rp#r歭..\67=\0B\v\\\wp[p[\\0Hoîp몶4\ʌ:\=ivb\\p`\7bp1\\\Ud\l\Tih^3\B\lYqE\%_l&pK8\2>U\{r\E+\8{D\'l0C_@6\Z\'ҷĦy=1\.\<\ZJ\wn;\\\\\\0\rVS\\\Xʱ\\l\Rc\[JC\"\Fҿk[\rKe^l\rŴMZ>X\\3R\VdF*Yc\D8}^#m\n\\\\0$\N/p1oL\x,3b\6U\Zc@\Q\1+\sa2NO\\P\@\$ǊIq\=\m$\Nqsa\n$p!bVF?p\:C`\'\\$8\WOqq,1ŷv\'Ӊa\!dtDG\0LcI\2X~\bٺ\\\y<`k\P\m<\3hmX\\S\ 9Ģ\3@\5幵\/<j\ZQik\M?\\F\ߣLz\6&\\\F \rS\5\PxЬ.ieJmsND\%̦mt{V\'s\Z.t/FmZnc\\)[P}W\Z\%a[s_\'Us\p|,oj\S黼\@\\Z\\\\H;(fJsG\'\\Ph\Z\2j\'Uā\\KJ\L{p\Ql\w\,O\\O\\.\W\'\WN%\+kK\̣iE\j;FJ\6*\\|\\\33\*\\\*\"	3\Q.\'2לr\=T;SH渊B\>\Rz=wҥ	@\'\nƕfT`p:$\n|Ǿʘ~\\î۪T\^߁G\\m]\R\\=\j{L͔\\Z\:9\'\\UA\VnP\pZ\Q\=\eP(9I\nk\M|X%5F\"+JC\\ngqZ\ᅏ\p(\B،\0Ѣ\b\\\ \o\\I0g$*r*;S5;`v\'\nEˉPU\Zޥ:֨z\5\i\\\%2Z9\}\\%\\Z5k,\jN)\hk\Z!\Z\03YQhGTӒ\\+=\;Q\\G?\0\%COykZҳfje\pEŝq\;~y\\տkE\aC\nPhj\IUtރS\R9I\I\SIof7\\\\\'y\\T6\2>&\q\h׀-)Sd\\d\=&\B:U v\'p\\\\K%U2S_\rsGt\q	*G\\\e,\\>ҋY@0;W	\V?\k\9\FV\a#\r\3\{^\\m\\`c0HsT!kDl5)\\-\#3\v!J\N\ĩR5@\'Fͷ\\7@\jV|\%8V{\ !X*UA\\'\3d\z\\\}\Z\--:>ooB\jTi\phIX\&ɔX;\MGurqdǞN\#\r\<Qi+E\{\0f^)N\ݗb{!\r\\0z \9}\" 2-/>\URHu2ۂt\GUX?ي[\'\j\\\ܳ,\G\\ASBO\G\'%HÁUi;EG-{S\4d\&wT\\ wjօHT_QpK>CU\\Z\\,5\UwR\sG\\o-j\Wڌ->\X\\o+Y\\\\.Vrl\\FoF\nt)45\0\0:\\ng\wxFI2֧$\NF\!fS:Z@3\nϏhnp/RHT\\d9\ɹr\RS:h\j<b8-@\\ui\mۻF\4Y5R\\0i\6GuYW\Fmo Q;\@\0D)\ JkIc\]!8Ӛ\23\hB/Ğ\D\\\\\\\Hn\*v\\r\0h\,\\\\\МsJs*\\QR\Qc}︡KQ\p 8S\N\E\N\\exI\q\Zu*\z=2=#t@p9\>cs\\\"{T\4Q)ȄDs\	\q\0\ݸ(C@MR\Z\\	t5`,M\gi\\)9G@\\l\:Tx`\U2\\\\_\\S\&\\\#R9:Cp>b\\Z5tl\R\\j\'\n(9&fsTre@\ey\\0\SaDfQD\b4P478@n	S0IA\"lب\ɴ]*淞{\?M\GD\0Η+1\*[2\\\'pN\\,X\|pg\\vC	u&ʵ4hT\A;s䄉N&rD8\J\\\'$%kKHM|4aFgq\%\0\\\x\ \&\n\\\ne\j^]\=\\OC\Z9\LG$\\\\P\Uu\aW\$?Ki	\$\'/˴q\a\h\ny\Ty\\{\')\ID!yFZ\\\I\[&Q}0ILӒB,\GE\ދ4\\0\[\' ~iۚ\\#\	T\I\ދ{\ZKsv\MfQ\G(J\(]=\tN9\Pi}gj\\`,_kH:\0\W7WURW<L\u\\N2Gy\-\0p\n\v\r\Xjy\\\nwB\2*;\\\S\k\Lx\\\k\\q\N\2c)T[$\'5[Rⷬ\d\'QkIe\\B<!0各 jN\%c;Ska4\m X-}8:桁\Za\\n\\\\i\v\\V8n&YP2֛~墐\\\r@fm\U\FJ\6Y0\9I\RO\\T#\\\(N\3j!\0 $T\Nc\Pp\'ZV\|v\jE\Tnm\\\\\}*>\\Nk`9/	\\0+ð\C\\2}\\|Cs\\y2a:i\\89\pЬ+kli]\\Oya\*\z?NN\n&R<JќyB\[R\-\\\\uPmܙ\m7HsA\4KQ9\:nn*B;\	t8\'Ӛ\'	[~\,8\-\෌\\ՁU\t!>\\nu\j\\\j̤%\\0\rIX\a\`\j\b7\\k\3,%=\y%\O\\Z2\r:hB¶\\\)\~]Ḙ\krlO\"\_\402\û>.\X![\._/PT\\eI*\B`N\Fi\\\=\:D\@\\\U\\\\\~C\\\n\Ycx\2\\\Nc\*\\o\Op\0>I\~~D\\+\r\\@5\Z4m^\V~P\K\Y\_6\\V\훶\nomL\\9-a\ʔ|*d	\NGx\wBf!3\"f\J|\^P66Tϼzd\`\xK\: \\4OGq\snp\6D\Y\\&DU\\o[8e\hc\\UrdN\\PS^@M<BwGf750dU#O\[v?Xi\TlkAZ\9\rBArGsƈL\T\\Y\\Z\;\*em\a\}Qz\q\Ld:#A5p\\n\\RO9-ZH[}M?\V\0\r$f\\\GDܓ\\OE3Cw;AA< d\#\m\x\rC>\\q\4\r\\%P\9Fev\4\Jײvj\m\\\Z\>\Z\rÇhGv\\v\\N\\'02Dg(#]V\~a?io\}O\l\x01S\n\o$)w{7\2o\h*(f\\\:IN^P?23\}\\PvX\\Q7rv\n\\\\n\0yBS\ 79m\0\6~\ϰ\a\?\>$\59;]\\OMǲṪ\U\q\\\0\0\?yg\}ODqTcz\\ԛѠ-\\-\\\\\G;9\0o\\\?Ŝw\U\TQ\\"3Gp\8opDn\\Jf\"\愦r\#\>\\|b\r<\\ʖT\NEB$\N\?*Щ-[\N297B\\W}+\\|a\\0\N\n: #\jf4\4+@SI\Fh\B\[]\|N1\O\#\w	4B2мeZ{n\\z\\O\\'\Z\:#\;@\<A55S9x*\3\\l\>\\\\n\ f\\N*e7OzxȪC2aÿ|p\\a\sO\SF##45N\\"\S\	&&\\N\LC\\?0_\0BSm.i\\SRsGM\\|~DkȦsjk\"\c\\\by\	\\\w;DQE\\۹hj\\<\\\²\\zx\'\G;\\q\\r7\r1S]\n&\E߁~S\}M\l\g\	يh\Q\7;M\q\\6y\y!\s[\~\:bzVi\0PNʹ\Ꝯ\Du\QP\\oiI\EO%/*oggJuOĄu\6b\\}\t\'qDg\\'59(\h&rG8)#\+ʑK\r-\\\=\\O\Y\/Q\F\w\A32\!Q?=ayN][3l\\\\\-\gڈ\\>\ww\F{o@ \\ZC\+\;\O\]\qD\{O*G\\GD2E\\\\GZb)%\r|;C[c\\S\0\}R \\\0;S\\\\\t@\\{3lP\\\\0hk\0O\\a\fu\\\'\\\QNč\\n:(\pk\nA\\+v\\"Kjd{\\\Nz_t\'Fz)\;TG\AF};8qBF\u\NʸnN\k\\OUe\\r=m\\z\'DC\)3\\\'\rѺ\nBјS2\n\\\aFK@\hvfrT/*h?. \c\\l\\0F0Y^϶8\\'_\kA\:<\\N,\\A\"L\E\\9L\vNPMk\2U\\@\\0C\\7p\/\r\Ķ\@nEjҝ#&}@hn\\W8)pҧ\G\>iQm꾛ƅ ?oq[n]1,\x]\\n\l\K\;_\\ښ|SjPcj[\k\D\Z3i\i\FkڃO\AD\0\ZGE$\@\FD#U7\0*@\lJ]\<s\\r\\#\ZUߔ*cdj]PmF/\\.m#3\\\gն훸R?\\\\\.YJ\ˇ![m\XE\_E\\5[cE\i}H\\"\\\0W\'\\\p\3\\\5?ݹ\\Z\t\"\J_DL*6\:\h\\\0\\rlHJz5\~[m\JS?\o\q\E>ڎJ\m\\پ!rcp\9V3\\}A>J\\\u$\\Yt^\$\ \\E\*W\x8\wg\\f\\l J46\h\"\\\h\\0\g\Nڼ}\\\0;h\8oqq|E\*^\#\\W\&I&J9\0\w\');
/*!40000 ALTER TABLE `ArticlesToImage` ENABLE KEYS */;
UNLOCK TABLES;

--
-- Table structure for table `FilterColor`
--

DROP TABLE IF EXISTS `FilterColor`;
/*!40101 SET @saved_cs_client     = @@character_set_client */;
/*!50503 SET character_set_client = utf8mb4 */;
CREATE TABLE `FilterColor` (
  `Color` varchar(20) NOT NULL DEFAULT 'Unknown',
  `ColorID` int NOT NULL
) ENGINE=InnoDB DEFAULT CHARSET=utf8mb4 COLLATE=utf8mb4_0900_ai_ci;
/*!40101 SET character_set_client = @saved_cs_client */;

--
-- Dumping data for table `FilterColor`
--

LOCK TABLES `FilterColor` WRITE;
/*!40000 ALTER TABLE `FilterColor` DISABLE KEYS */;
INSERT INTO `FilterColor` VALUES ('Red',0),('Orange',1),('Yellow',2),('Green',3),('Blue',4),('Purple',5),('Multicolor',6);
/*!40000 ALTER TABLE `FilterColor` ENABLE KEYS */;
UNLOCK TABLES;

--
-- Table structure for table `FilterSeason`
--

DROP TABLE IF EXISTS `FilterSeason`;
/*!40101 SET @saved_cs_client     = @@character_set_client */;
/*!50503 SET character_set_client = utf8mb4 */;
CREATE TABLE `FilterSeason` (
  `Season` varchar(20) NOT NULL DEFAULT 'Unknown',
  `SeasonID` int NOT NULL
) ENGINE=InnoDB DEFAULT CHARSET=utf8mb4 COLLATE=utf8mb4_0900_ai_ci;
/*!40101 SET character_set_client = @saved_cs_client */;

--
-- Dumping data for table `FilterSeason`
--

LOCK TABLES `FilterSeason` WRITE;
/*!40000 ALTER TABLE `FilterSeason` DISABLE KEYS */;
INSERT INTO `FilterSeason` VALUES ('Spring',0),('Summer',1),('Fall',2),('Winter',3);
/*!40000 ALTER TABLE `FilterSeason` ENABLE KEYS */;
UNLOCK TABLES;

--
-- Table structure for table `OutfitItems`
--

DROP TABLE IF EXISTS `OutfitItems`;
/*!40101 SET @saved_cs_client     = @@character_set_client */;
/*!50503 SET character_set_client = utf8mb4 */;
CREATE TABLE `OutfitItems` (
  `outfitID` int NOT NULL,
  `clothingArticleID` int NOT NULL
) ENGINE=InnoDB DEFAULT CHARSET=utf8mb4 COLLATE=utf8mb4_0900_ai_ci;
/*!40101 SET character_set_client = @saved_cs_client */;

--
-- Dumping data for table `OutfitItems`
--

LOCK TABLES `OutfitItems` WRITE;
/*!40000 ALTER TABLE `OutfitItems` DISABLE KEYS */;
INSERT INTO `OutfitItems` VALUES (1,1);
/*!40000 ALTER TABLE `OutfitItems` ENABLE KEYS */;
UNLOCK TABLES;

--
-- Table structure for table `Outfits`
--

DROP TABLE IF EXISTS `Outfits`;
/*!40101 SET @saved_cs_client     = @@character_set_client */;
/*!50503 SET character_set_client = utf8mb4 */;
CREATE TABLE `Outfits` (
  `outfitID` int NOT NULL AUTO_INCREMENT,
  `outfitName` varchar(100) NOT NULL,
  `userID` int NOT NULL,
  `is_favorited` tinyint(1) DEFAULT '0',
  `timeCreated` timestamp NULL DEFAULT CURRENT_TIMESTAMP,
  `timeLastModified` timestamp NULL DEFAULT CURRENT_TIMESTAMP,
  PRIMARY KEY (`outfitID`)
) ENGINE=InnoDB AUTO_INCREMENT=2 DEFAULT CHARSET=utf8mb4 COLLATE=utf8mb4_0900_ai_ci;
/*!40101 SET character_set_client = @saved_cs_client */;

--
-- Dumping data for table `Outfits`
--

LOCK TABLES `Outfits` WRITE;
/*!40000 ALTER TABLE `Outfits` DISABLE KEYS */;
INSERT INTO `Outfits` VALUES (1,'woah',1,0,'2024-12-02 23:59:01','2024-12-02 23:59:01');
/*!40000 ALTER TABLE `Outfits` ENABLE KEYS */;
UNLOCK TABLES;

--
-- Table structure for table `OutfitsToImage`
--

DROP TABLE IF EXISTS `OutfitsToImage`;
/*!40101 SET @saved_cs_client     = @@character_set_client */;
/*!50503 SET character_set_client = utf8mb4 */;
CREATE TABLE `OutfitsToImage` (
  `outfitID` int NOT NULL,
  `Image` mediumblob NOT NULL,
  PRIMARY KEY (`outfitID`)
) ENGINE=InnoDB DEFAULT CHARSET=utf8mb4 COLLATE=utf8mb4_0900_ai_ci;
/*!40101 SET character_set_client = @saved_cs_client */;

--
-- Dumping data for table `OutfitsToImage`
--

LOCK TABLES `OutfitsToImage` WRITE;
/*!40000 ALTER TABLE `OutfitsToImage` DISABLE KEYS */;
INSERT INTO `OutfitsToImage` VALUES (1,_binary 'undefined');
/*!40000 ALTER TABLE `OutfitsToImage` ENABLE KEYS */;
UNLOCK TABLES;

--
-- Table structure for table `SubtypesOfClothing`
--

DROP TABLE IF EXISTS `SubtypesOfClothing`;
/*!40101 SET @saved_cs_client     = @@character_set_client */;
/*!50503 SET character_set_client = utf8mb4 */;
CREATE TABLE `SubtypesOfClothing` (
  `clothingSubTypeID` int NOT NULL,
  `clothingSubtype` varchar(50) NOT NULL,
  `clothingTypeID` int NOT NULL,
  PRIMARY KEY (`clothingSubTypeID`),
  UNIQUE KEY `clothingSubTypeID` (`clothingSubTypeID`),
  UNIQUE KEY `clothingSubtype` (`clothingSubtype`)
) ENGINE=InnoDB DEFAULT CHARSET=utf8mb4 COLLATE=utf8mb4_0900_ai_ci;
/*!40101 SET character_set_client = @saved_cs_client */;

--
-- Dumping data for table `SubtypesOfClothing`
--

LOCK TABLES `SubtypesOfClothing` WRITE;
/*!40000 ALTER TABLE `SubtypesOfClothing` DISABLE KEYS */;
INSERT INTO `SubtypesOfClothing` VALUES (1,'T-Shirt',1),(2,'Short Sleeve',1),(3,'Long Sleeve',1),(4,'Dress Shirt',1),(5,'Workout Tops',1),(6,'Turtleneck',1),(7,'Jeans',2),(8,'Skirts',2),(9,'Shorts',2),(10,'Dress Pants',2),(11,'Athletic Shorts',2),(12,'Athletic Pants',2),(13,'Sweat Pants',2),(14,'Dresses',3),(15,'Jumpsuits',3),(16,'Rompers',3),(17,'Overalls',3),(18,'Belts',4),(19,'Watch',4),(20,'Bags',4),(21,'Sneakers',5),(22,'Boots',5),(23,'Sandals',5),(24,'Flats',5),(25,'Heels',5),(26,'Jackets',6),(27,'Hoodie',6),(28,'Cardigan',6),(29,'Coats',6),(30,'Blazers',6),(31,'Windbreakers',6),(32,'Parkas',6);
/*!40000 ALTER TABLE `SubtypesOfClothing` ENABLE KEYS */;
UNLOCK TABLES;

--
-- Table structure for table `TypesOfClothing`
--

DROP TABLE IF EXISTS `TypesOfClothing`;
/*!40101 SET @saved_cs_client     = @@character_set_client */;
/*!50503 SET character_set_client = utf8mb4 */;
CREATE TABLE `TypesOfClothing` (
  `clothingTypeID` int NOT NULL,
  `clothingType` varchar(50) NOT NULL,
  PRIMARY KEY (`clothingTypeID`),
  UNIQUE KEY `clothingTypeID` (`clothingTypeID`),
  UNIQUE KEY `clothingType` (`clothingType`)
) ENGINE=InnoDB DEFAULT CHARSET=utf8mb4 COLLATE=utf8mb4_0900_ai_ci;
/*!40101 SET character_set_client = @saved_cs_client */;

--
-- Dumping data for table `TypesOfClothing`
--

LOCK TABLES `TypesOfClothing` WRITE;
/*!40000 ALTER TABLE `TypesOfClothing` DISABLE KEYS */;
INSERT INTO `TypesOfClothing` VALUES (4,'Accessories'),(2,'Bottoms'),(5,'Footwear'),(3,'Fullbody'),(6,'Outerwear'),(1,'Tops');
/*!40000 ALTER TABLE `TypesOfClothing` ENABLE KEYS */;
UNLOCK TABLES;

--
-- Table structure for table `UserInfo`
--

DROP TABLE IF EXISTS `UserInfo`;
/*!40101 SET @saved_cs_client     = @@character_set_client */;
/*!50503 SET character_set_client = utf8mb4 */;
CREATE TABLE `UserInfo` (
  `userID` int NOT NULL AUTO_INCREMENT,
  `name` varchar(50) NOT NULL,
  `timeAccountCreated` timestamp NULL DEFAULT NULL,
  `timeZone` varchar(5) NOT NULL,
  `zipCode` varchar(50) NOT NULL,
  `email` varchar(100) NOT NULL,
  `hashedPassword` varchar(255) NOT NULL,
  `birthday` date DEFAULT NULL,
  `isRegistrationConfirmed` tinyint(1) NOT NULL DEFAULT '0',
  PRIMARY KEY (`userID`)
) ENGINE=InnoDB AUTO_INCREMENT=2 DEFAULT CHARSET=utf8mb4 COLLATE=utf8mb4_0900_ai_ci;
/*!40101 SET character_set_client = @saved_cs_client */;

--
-- Dumping data for table `UserInfo`
--

LOCK TABLES `UserInfo` WRITE;
/*!40000 ALTER TABLE `UserInfo` DISABLE KEYS */;
INSERT INTO `UserInfo` VALUES (1,'rigo','2024-12-02 23:57:19','CST','78744','rigo.middle08@gmail.com','$2b$12$IBkBBvCu8c3sqZx0C7c3UOWIbbEHuvCw1ODWGtj8dU9Ks7fdsarpK','2024-12-02',1);
/*!40000 ALTER TABLE `UserInfo` ENABLE KEYS */;
UNLOCK TABLES;

--
-- Table structure for table `UsersPendingRegistration`
--

DROP TABLE IF EXISTS `UsersPendingRegistration`;
/*!40101 SET @saved_cs_client     = @@character_set_client */;
/*!50503 SET character_set_client = utf8mb4 */;
CREATE TABLE `UsersPendingRegistration` (
  `userID` int NOT NULL,
  `timeRegistrationProcessStarted` timestamp NOT NULL,
  `expirationTime` timestamp NOT NULL,
  `uuidKey` varchar(255) NOT NULL
) ENGINE=InnoDB DEFAULT CHARSET=utf8mb4 COLLATE=utf8mb4_0900_ai_ci;
/*!40101 SET character_set_client = @saved_cs_client */;

--
-- Dumping data for table `UsersPendingRegistration`
--

LOCK TABLES `UsersPendingRegistration` WRITE;
/*!40000 ALTER TABLE `UsersPendingRegistration` DISABLE KEYS */;
/*!40000 ALTER TABLE `UsersPendingRegistration` ENABLE KEYS */;
UNLOCK TABLES;

--
-- Table structure for table `UsersResettingPassword`
--

DROP TABLE IF EXISTS `UsersResettingPassword`;
/*!40101 SET @saved_cs_client     = @@character_set_client */;
/*!50503 SET character_set_client = utf8mb4 */;
CREATE TABLE `UsersResettingPassword` (
  `userID` int NOT NULL,
  `uuidKey` varchar(255) NOT NULL
) ENGINE=InnoDB DEFAULT CHARSET=utf8mb4 COLLATE=utf8mb4_0900_ai_ci;
/*!40101 SET character_set_client = @saved_cs_client */;

--
-- Dumping data for table `UsersResettingPassword`
--

LOCK TABLES `UsersResettingPassword` WRITE;
/*!40000 ALTER TABLE `UsersResettingPassword` DISABLE KEYS */;
/*!40000 ALTER TABLE `UsersResettingPassword` ENABLE KEYS */;
UNLOCK TABLES;

--
-- Table structure for table `WebSessions`
--

DROP TABLE IF EXISTS `WebSessions`;
/*!40101 SET @saved_cs_client     = @@character_set_client */;
/*!50503 SET character_set_client = utf8mb4 */;
CREATE TABLE `WebSessions` (
  `sessionID` varchar(255) NOT NULL,
  `userIDAssociated` int NOT NULL,
  `ipAddress` varchar(36) NOT NULL,
  `timeLastAccessed` timestamp NOT NULL DEFAULT CURRENT_TIMESTAMP ON UPDATE CURRENT_TIMESTAMP,
  `expiryTime` timestamp NOT NULL,
  PRIMARY KEY (`sessionID`)
) ENGINE=InnoDB DEFAULT CHARSET=utf8mb4 COLLATE=utf8mb4_0900_ai_ci;
/*!40101 SET character_set_client = @saved_cs_client */;

--
-- Dumping data for table `WebSessions`
--

LOCK TABLES `WebSessions` WRITE;
/*!40000 ALTER TABLE `WebSessions` DISABLE KEYS */;
/*!40000 ALTER TABLE `WebSessions` ENABLE KEYS */;
UNLOCK TABLES;
/*!40103 SET TIME_ZONE=@OLD_TIME_ZONE */;

/*!40101 SET SQL_MODE=@OLD_SQL_MODE */;
/*!40014 SET FOREIGN_KEY_CHECKS=@OLD_FOREIGN_KEY_CHECKS */;
/*!40014 SET UNIQUE_CHECKS=@OLD_UNIQUE_CHECKS */;
/*!40101 SET CHARACTER_SET_CLIENT=@OLD_CHARACTER_SET_CLIENT */;
/*!40101 SET CHARACTER_SET_RESULTS=@OLD_CHARACTER_SET_RESULTS */;
/*!40101 SET COLLATION_CONNECTION=@OLD_COLLATION_CONNECTION */;
/*!40111 SET SQL_NOTES=@OLD_SQL_NOTES */;

-- Dump completed on 2025-09-02 19:07:38
